"mx","Mexico"
"de","Germany"
"at","Austria"
"ar","Argentina"
"au","Australia"
"sk","Slovakia"
"gb","United Kingdom"
"us","United States"
"br","Brazil"
"es","Spain"
"cz","Czech Rep."
"cn","China"
"fr","France"
"world","World"
"africa","Africa"
"samerica","South America"
"namerica","North America"
"europe","Europe"
"asia","Asia"
"oceania","Australia and Oceania"
"in","India"
"it","Italy"
"ca","Canada"
"se","Sweden"
"no","Norway"
"fi","Finland"
"us-al","Alabama"
"us-az","Arizona"
"us-ar","Arkansas"
"us-ca","California"
"us-co","Colorado"
"us-ct","Connecticut"
"us-de","Delaware"
"us-fl","Florida"
"us-ga","Georgia"
"us-id","Idaho"
"us-il","Illinois"
"us-in","Indiana"
"us-ia","Iowa"
"us-ks","Kansas"
"us-ky","Kentucky"
"us-la","Louisiana"
"us-me","Maine"
"us-md","Maryland"
"us-ma","Massachusetts"
"us-mi","Michigan"
"us-mn","Minnesota"
"us-ms","Mississippi"
"us-mo","Missouri"
"us-mt","Montana"
"us-ne","Nebraska"
"us-nv","Nevada"
"us-nh","New Hampshire"
"us-nj","New Jersey"
"us-nm","New Mexico"
"us-ny","New York"
"us-nc","North Carolina"
"us-nd","North Dakota"
"us-oh","Ohio"
"us-ok","Oklahoma"
"us-or","Oregon"
"us-pa","Pennsylvania"
"us-ri","Rhode Island"
"us-sc","South Carolina"
"us-sd","South Dakota"
"us-tn","Tennessee"
"us-tx","Texas"
"us-ut","Utah"
"us-vt","Vermont"
"us-va","Virginia"
"us-wa","Washington"
"us-wv","West Virginia"
"us-wi","Wisconsin"
"us-wy","Wyoming"
"al","Albania"
"af","Afghanistan"
"dz","Algeria"
"ao","Angola"
"ar","Argentina"
"am","Armenia"
"au","Australia"
"az","Azerbaijan"
"bs","Bahamas"
"bd","Bangladesh"
"be","Belgium"
"bz","Belize"
"by","Belarus"
"bj","Benin"
"bt","Bhutan"
"bo","Bolivia"
"ba","Bosnia and Herz."
"bw","Botswana"
"br","Brazil"
"bn","Brunei"
"bg","Bulgaria"
"bf","Burkina Faso"
"bi","Burundi"
"td","Chad"
"me","Montenegro"
"cz","Czech Rep."
"cn","China"
"dk","Denmark"
"cd","Dem. Rep. Congo"
"do","Dominican Rep."
"dj","Djibouti"
"eg","Egypt"
"ec","Ecuador"
"er","Eritrea"
"ee","Estonia"
"et","Ethiopia"
"fk","Falkland Is."
"fj","Fiji"
"ph","Philippines"
"fi","Finland"
"fr","France"
"tf","Francouzská jižní a antarktická území"
"ga","Gabon"
"gm","Gambia"
"gh","Ghana"
"gl","Greenland"
"ge","Georgia"
"gt","Guatemala"
"gn","Guinea"
"gw","Guinea-Bissau"
"gy","Guyana"
"ht","Haiti"
"hn","Honduras"
"cl","Chile"
"hr","Croatia"
"in","India"
"id","Indonesia"
"iq","Iraq"
"ir","Iran"
"ie","Ireland"
"is","Iceland"
"it","Italy"
"il","Israel"
"jm","Jamaica"
"jp","Japan"
"ye","Yemen"
"za","South Africa"
"kr","Korea"
"ss","S. Sudan"
"jo","Jordan"
"kh","Cambodia"
"cm","Cameroon"
"ca","Canada"
"qa","Qatar"
"kz","Kazakhstan"
"ke","Kenya"
"co","Colombia"
"cg","Congo"
"cr","Costa Rica"
"cu","Cuba"
"kw","Kuwait"
"cy","Kypr"
"kg","Kyrgyzstan"
"la","Lao PDR"
"ls","Lesotho"
"lb","Lebanon"
"lr","Liberia"
"ly","Libya"
"lt","Lithuania"
"lv","Latvia"
"lu","Luxembourg"
"mg","Madagascar"
"hu","Hungary"
"mk","Macedonia"
"my","Malaysia"
"mw","Malawi"
"ml","Mali"
"ma","Morocco"
"mr","Mauritania"
"mx","Mexico"
"md","Moldova"
"mn","Mongolia"
"mz","Mozambique"
"mm","Myanmar"
"na","Namibia"
"de","Germany"
"np","Nepal"
"ne","Niger"
"ng","Nigeria"
"ni","Nicaragua"
"nl","Netherlands"
"no","Norway"
"nc","New Caledonia"
"nz","New Zealand"
"om","Oman"
"pk","Pakistan"
"ps","Palestine"
"pa","Panama"
"pg","Papua New Guinea"
"py","Paraguay"
"pe","Peru"
"ci","Côte d'Ivoire"
"pl","Poland"
"pr","Puerto Rico"
"pt","Portugal"
"at","Austria"
"gq","Eq. Guinea"
"ro","Romania"
"ru","Russia"
"rw","Rwanda"
"gr","Greece"
"sv","El Salvador"
"sa","Saudi Arabia"
"sn","Senegal"
"kp","Dem. Rep. Korea"
"sl","Sierra Leone"
"sk","Slovakia"
"si","Slovenia"
"so","Somalia"
"ae","United Arab Emirates"
"gb","United Kingdom"
"us","United States"
"rs","Serbia"
"cf","Central African Rep."
"sd","Sudan"
"sr","Suriname"
"sz","Swaziland"
"sy","Syria"
"sb","Solomon Is."
"es","Spain"
"lk","Sri Lanka"
"se","Sweden"
"ch","Switzerland"
"tj","Tajikistan"
"tz","Tanzania"
"th","Thailand"
"tw","Taiwan"
"tg","Togo"
"tn","Tunisia"
"tr","Turkey"
"tm","Turkmenistan"
"ug","Uganda"
"ua","Ukraine"
"uy","Uruguay"
"uz","Uzbekistan"
"ve","Venezuela"
"vn","Vietnam"
"tl","Timor-Leste"
"zm","Zambia"
"eh","W. Sahara"
"zw","Zimbabwe"
"world","World"
"africa","Africa"
"samerica","South America"
"namerica","North America"
"europe","Europe"
"asia","Asia"
"oceania","Australia and Oceania"
"xk","Kosovo"
"xs","Somaliland"
"cz-us","Ústecký"
"cz-pl","Plzeňský"
"cz-jm","Jihomoravský"
"cz-zl","Zlínský"
"cz-ol","Olomoucký"
"cz-pa","Pardubický"
"cz-ka","Karlovarský"
"cz-jc","Jihočeský"
"cz-vy","Vysočina"
"cz-pr","Prague"
"cz-st","Středočeský"
"cz-li","Liberecký"
"cz-kr","Královéhradecký"
"cz-mo","Moravskoslezský"
"de-nw","Nordrhein-Westfalen"
"de-bw","Baden-Württemberg"
"de-he","Hessen"
"de-hb","Bremen"
"de-ni","Niedersachsen"
"de-th","Thüringen"
"de-hh","Hamburg"
"de-sh","Schleswig-Holstein"
"de-rp","Rheinland-Pfalz"
"de-sl","Saarland"
"de-by","Bayern"
"de-be","Berlin"
"de-st","Sachsen-Anhalt"
"de-sn","Sachsen"
"de-bb","Brandenburg"
"de-mv","Mecklenburg-Vorpommern"
"at-vo","Vorarlberg"
"at-bu","Burgenland"
"at-st","Steiermark"
"at-ka","Kärnten"
"at-oo","Oberösterreich"
"at-sz","Salzburg"
"at-tr","Tirol"
"at-no","Niederösterreich"
"at-wi","Wien"
"in-ch","Čhattísgarh"
"in-dl","Delhi"
"in-hp","Himachal Pradesh"
"in-hr","Haryana"
"in-jk","Jammu and Kashmir"
"in-ap","Andhra Pradesh"
"in-kl","Kerala"
"in-ld","Lakadivy / Lakšadvíp"
"in-or","Orissa"
"in-dn","Dádra a Nagar-havéli"
"in-ka","Karnataka"
"in-mh","Maharashtra"
"in-an","Andamany a Nikobary"
"in-as","Assam"
"in-mn","Manipur"
"in-nl","Nagaland"
"in-ml","Meghalaya"
"in-pb","Punjab"
"in-rj","Rajasthan"
"in-up","Uttar Pradesh"
"in-ut","Uttaranchal"
"in-jh","Jharkhand"
"in-wb","West Bengal"
"in-br","Bihar"
"in-sk","Sikkim"
"in-ct","Chhattisgarh"
"in-mp","Madhya Pradesh"
"in-py","Puttuččéri"
"in-tn","Tamil Nadu"
"in-gj","Gujarat"
"in-ga","Goa"
"in-ar","Arunachal Pradesh"
"in-mz","Mizoram"
"in-tr","Tripura"
"Daman and Diu","Damán a Díjú"
"cn-62","Gansu"
"cn-63","Qinghai"
"cn-45","Guangxi"
"cn-52","Guizhou"
"cn-50","Chongqing"
"cn-11","Beijing"
"cn-35","Paracel Islands"
"cn-34","Anhui"
"cn-44","Guangdong"
"cn-54","Xizang"
"cn-65","Xinjiang"
"cn-46","Hainan"
"cn-64","Ningxia"
"cn-61","Shaanxi"
"cn-14","Shanxi"
"cn-42","Hubei"
"cn-43","Hunan"
"cn-51","Sichuan"
"cn-53","Yunnan"
"cn-13","Hebei"
"cn-41","Henan"
"cn-21","Liaoning"
"cn-37","Shandong"
"cn-12","Tianjin"
"cn-36","Jiangxi"
"cn-32","Jiangsu"
"cn-31","Shanghai"
"cn-33","Zhejiang"
"cn-22","Jilin"
"cn-15","Inner Mongol"
"cn-23","Heilongjiang"
"San_Marino","San Marino"
"Vaduz","Vaduz"
"Luxembourg","Luxembourg"
"Monaco","Monaco"
"Andorra","Andorra"
"Ljubljana","Ljubljana"
"Bratislava","Bratislava"
"Podgorica","Podgorica"
"Bern","Bern"
"Pristina","Pristina"
"Skopje","Skopje"
"Reykjavik","Reykjavík"
"Chisinau","Chisinau"
"Vilnius","Vilnius"
"Riga","Riga"
"Zagreb","Zagreb"
"Tallinn","Tallinn"
"Belgrade","Belgrade"
"Tirana","Tirana"
"Sofia","Sofia"
"Minsk","Minsk"
"Sarajevo","Sarajevo"
"Budapest","Budapest"
"Bucharest","Bucharest"
"Lisbon","Lisbon"
"Oslo","Oslo"
"Warsaw","Warsaw"
"Dublin","Dublin"
"Prague","Prague"
"Helsinki","Helsinki"
"Kobenhavn","København"
"Brussels","Brussels"
"Kiev","Kiev"
"Madrid","Madrid"
"Geneva","Ženeva"
"Stockholm","Stockholm"
"Amsterdam","Amsterdam"
"Berlin","Berlin"
"Athens","Athens"
"Vienna","Vienna"
"London","London"
"Moscow","Moscow"
"Rome","Rome"
"Paris","Paris"
"it-65","Abruzzo"
"it-75","Apulia"
"it-77","Basilicata"
"it-78","Calabria"
"it-72","Campania"
"it-45","Emilia-Romagna"
"it-36","Friuli-Venezia Giulia"
"it-62","Lazio"
"it-42","Liguria"
"it-25","Lombardia"
"it-57","Marche"
"it-67","Molise"
"it-21","Piemonte"
"it-88","Sardegna"
"it-82","Sicily"
"it-52","Toscana"
"it-32","Trentino-Alto Adige"
"it-55","Umbria"
"it-23","Valle d'Aosta"
"it-34","Veneto"
"fr-a","Alsace"
"fr-b","Aquitaine"
"fr-c","Auvergne"
"fr-p","Basse-Normandie"
"fr-d","Bourgogne"
"fr-e","Bretagne"
"fr-f","Centre"
"fr-g","Champagne-Ardenne"
"fr-h","Corse"
"fr-i","Franche-Comté"
"fr-q","Haute-Normandie"
"fr-j","Île-de-France"
"fr-k","Languedoc-Roussillon"
"fr-l","Limousin"
"fr-m","Lorraine"
"fr-n","Midi-Pyrénées"
"fr-o","Nord-Pas-de-Calais"
"fr-r","Pays de la Loire"
"fr-s","Picardie"
"fr-t","Poitou-Charentes"
"fr-u","Provence-Alpes-Côte-d'Azur"
"fr-v","Rhône-Alpes"
"es-an","Andalucía"
"es-ar","Aragón"
"es-cb","Cantabria"
"es-cl","Castilla y León"
"es-cm","Castilla-La Mancha"
"es-ct","Cataluña"
"es-md","Comunidad de Madrid"
"es-na","Comunidad Foral de Navarra"
"es-vc","Comunidad Valenciana"
"es-ex","Extremadura"
"es-ga","Galicia"
"es-pm","Islas Baleares"
"es-lo","La Rioja"
"es-pv","País Vasco"
"es-as","Principado de Asturias"
"es-mu","Región de Murcia"
"ca-mb","Manitoba"
"ca-sk","Saskatchewan"
"ca-ab","Alberta"
"ca-bc","British Columbia"
"ca-nu","Nunavut"
"ca-nt","Northwest Territories"
"ca-yt","Yukon"
"ca-on","Ontario"
"ca-qc","Québec"
"ca-nb","New Brunswick"
"ca-ns","Nova Scotia"
"ca-nl","Newfoundland and Labrador"
"ca-pe","Prince Edward Island"
"au-nt","Northern Territory"
"au-wa","Western Australia"
"au-ct","Australian Capital Territory"
"au-ns","New South Wales"
"au-sa","South Australia"
"au-vi","Victoria"
"au-ql","Queensland"
"au-ts","Tasmania"
"Hardanger-vidda","Hardanger-vidda"
"Bohmerwald","Böhmerwald"
"Transylvanian_Alps","Transylvanian Alps"
"Tatra_Mts.","Tatra Mts."
"Pindus_Mts.","Pindus Mts."
"Calabria","Calabria"
"Harz","Harz"
"Vosges","Vosges"
"Sudetes_Mts.","Sudetes Mts."
"Erzgebirge","Erzgebirge"
"Ardennes","Ardennes"
"Jura","Jura"
"Grampian_Mts.","Grampian Mts."
"Cambrian_Mts.","Cambrian Mts."
"Balkan_Mts.","Balkan Mts."
"Dinaric_Alps","Dinaric Alps"
"Cord._Cantabrica","Cord. Cantábrica"
"S._Nevada","S. Nevada"
"Sierra_Morena","Sierra Morena"
"KJLEN_MOUNTAINS","KJØLEN MOUNTAINS"
"CARPATHIAN_MOUNTAINS","CARPATHIAN MOUNTAINS"
"APPENNINI","APPENNINI"
"PYRENEES","PYRENEES"
"ALPS","ALPS"
"CAUCASUS_MTS.","CAUCASUS MTS."
"Mesa","Mesa"
"San_Mateo","San Mateo"
"Aurora","Aurora"
"Kansas_City","Kansas City"
"Pasadena","Pasadena"
"Grand_Prairie","Arlington"
"Stamford","Stamford"
"Joliet","Joliet"
"Stockton","Stockton"
"Oceanside","Oceanside"
"Irvine","Irvine"
"New_Haven","New Haven"
"Lowell","Lowell"
"Fort_Lauderdale","Fort Lauderdale"
"Gary","Gary"
"Covington","Covington"
"Akron","Akron"
"Grand_Rapids","Grand Rapids"
"Tacoma","Tacoma"
"Long_Beach","Long Beach"
"Hartford","Hartford"
"Providence","Providence"
"Birmingham","Birmingham"
"St._Petersburg","St. Petersburg"
"Dayton","Dayton"
"Virginia_Beach","Virginia Beach"
"Oakland","Oakland"
"West_Palm_Beach","West Palm Beach"
"Sarasota","Sarasota"
"Louisville","Louisville"
"Charlotte","Charlotte"
"Columbus","Columbus"
"Albany","Albany"
"Harrisburg","Harrisburg"
"San_Bernardino","San Bernardino"
"Bridgeport","Bridgeport"
"Rochester","Rochester"
"Tucson","Tucson"
"Fresno","Fresno"
"Albuquerque","Albuquerque"
"Tulsa","Tulsa"
"Ft._Worth","Ft. Worth"
"Austin","Austin"
"El_Paso","El Paso"
"Orlando","Orlando"
"Jacksonville","Jacksonville"
"Indianapolis","Indianapolis"
"Knoxville","Knoxville"
"Richmond","Richmond"
"Baltimore","Baltimore"
"Syracuse","Syracuse"
"San_Jose","San Jose"
"Sacramento","Sacramento"
"Las_Vegas","Las Vegas"
"Portland","Portland"
"Salt_Lake_City","Salt Lake City"
"Omaha","Omaha"
"Oklahoma_City","Oklahoma City"
"San_Antonio","San Antonio"
"Raleigh","Raleigh"
"Cleveland","Cleveland"
"Cincinnati","Cincinnati"
"Nashville","Nashville"
"Memphis","Memphis"
"Norfolk","Norfolk"
"Milwaukee","Milwaukee"
"Buffalo","Buffalo"
"Pittsburgh","Pittsburgh"
"Minneapolis","Minneapolis"
"Seattle","Seattle"
"Phoenix","Phoenix"
"San_Diego","San Diego"
"St._Louis","St. Louis"
"New_Orleans","New Orleans"
"Dallas","Dallas"
"Boston","Boston"
"Tampa","Tampa"
"Philadelphia","Philadelphia"
"Detroit","Detroit"
"San_Francisco","San Francisco"
"Denver","Denver"
"Houston","Houston"
"Miami","Miami"
"Atlanta","Atlanta"
"Chicago","Chicago"
"Los_Angeles","Los Angeles"
"Washington,_D.C.","Washington, D.C."
"New_York","New York"
"Bielefeld","Bielefeld"
"Dortmund","Dortmund"
"Duisburg","Duisburg"
"Wuppertal","Wuppertal"
"Essen","Essen"
"Karlsruhe","Karlsruhe"
"Heidelberg","Heidelberg"
"Augsburg","Augsburg"
"Chemnitz","Chemnitz"
"Bonn","Bonn"
"Dusseldorf","Ddsseldorf"
"Mannheim","Mannheim"
"Wiesbaden","Wiesbaden"
"Hannover","Hannover"
"Koblenz","Koblenz"
"Saarbrucken","Saarbrucken"
"Leipzig","Leipzig"
"Stuttgart","Stuttgart"
"Bremen","Bremen"
"Nurnberg","Nornberg"
"Cologne","Cologne"
"Dresden","Dresden"
"Frankfurt","Frankfurt"
"Hamburg","Hamburg"
"Munich","Munich"
"London_Ca","London"
"Windsor","Windsor"
"Winnipeg","Winnipeg"
"Calgary","Calgary"
"Ottawa","Ottawa"
"Quebec","Quebec"
"Halifax","Halifax"
"Edmonton","Edmonton"
"Montreal","Montreal"
"Vancouver","Vancouver"
"Toronto","Toronto"
"Cranbourne","Cranbourne"
"Gold_Coast","Gold Coast"
"Canberra","Canberra"
"Newcastle","Newcastle"
"Adelaide","Adelaide"
"Brisbane","Brisbane"
"Perth","Perth"
"Melbourne","Melbourne"
"Sydney","Sydney"
"Bregenz","Bregenz"
"Eisenstadt","Eisenstadt"
"Wiener_Neustadt","Wiener Neustadt"
"Graz","Graz"
"Klagenfurt","Klagenfurt"
"Linz","Linz"
"Salzburg","Salzburg"
"Innsbruck","Innsbruck"
"Jihlava","Jihlava"
"Plzen","Plzeň"
"Otrokovice","Otrokovice"
"Kudowa-Zdroj","Kudowa-Zdrój"
"Klingenthal","Klingenthal"
"Trinec","Třinec"
"Klasterec_nad_Ohri","Klášterec nad Ohří"
"Pelhrimov","Pelhřimov"
"Chrudim","Chrudim"
"Pardubice","Pardubice"
"Hradec_Kralove","Hradec Králové"
"Havlickuv_Brod","Havlíčkův Brod"
"Zdar_nad_Sazavou","Žďár nad Sázavou"
"Velke_Mezirici","Velké Meziříčí"
"Svitavy","Svitavy"
"Moravska_Trebova","Moravská Třebová"
"Ceska_Trebova","Česká Třebová"
"Usti_nad_Orlici","Ústí nad Orlicí"
"Vysoke_Myto","Vysoké Mýto"
"Trebic","Třebíč"
"Nachod","Náchod"
"Jicin","Jičín"
"Vrchlabi","Vrchlabí"
"Trutnov","Trutnov"
"Dvur_Kralove_nad_Labem","Dvůr Králové nad Labem"
"Rychnov_nad_Kneznou","Rychnov nad Kněžnou"
"Turnov","Turnov"
"Liberec","Liberec"
"Jablonec_nad_Nisou","Jablonec nad Nisou"
"Ceska_Lipa","Česká Lípa"
"Novy_Bor","Nový Bor"
"Usti_nad_Labem","Ústí nad Labem"
"Teplice","Teplice"
"Bilina","Bílina"
"Most","Most"
"Litvinov","Litvínov"
"Zatec","Žatec"
"Louny","Louny"
"Kadan","Kadaň"
"Jirkov","Jirkov"
"Chomutov","Chomutov"
"Varnsdorf","Varnsdorf"
"Rumburk","Rumburk"
"Decin","Děčín"
"Roudnice_nad_Labem","Roudnice nad Labem"
"Litomerice","Litoměřice"
"Kromeriz","Kroměříž"
"Holesov","Holešov"
"Uhersky_Brod","Uherský Brod"
"Vsetin","Vsetín"
"Valasske_Mezirici","Valašské Meziříčí"
"Roznov_pod_Radhostem","Rožnov pod Radhoštěm"
"Zlin","Zlín"
"Marianske_Lazne","Mariánské Lázně"
"Cheb","Cheb"
"As","Aš"
"Ostrov","Ostrov"
"Karlovy_Vary","Karlovy Vary"
"Sokolov","Sokolov"
"Chodov","Chodov"
"Ceske_Budejovice","České Budějovice"
"Cesky_Krumlov","Český Krumlov"
"Jindrichuv_Hradec","Jindřichův Hradec"
"Pisek","Písek"
"Prachatice","Prachatice"
"Strakonice","Strakonice"
"Tabor","Tábor"
"Jesenik","Jeseník"
"Sternberk","Šternberk"
"Unicov","Uničov"
"Olomouc","Olomouc"
"Prostejov","Prostějov"
"Prerov","Přerov"
"Hranice","Hranice"
"Sumperk","Šumperk"
"Zabreh","Zábřeh"
"Domazlice","Domažlice"
"Susice","Sušice"
"Klatovy","Klatovy"
"Rokycany","Rokycany"
"Tachov","Tachov"
"Vlasim","Vlašim"
"Benesov","Benešov"
"Beroun","Beroun"
"Slany","Slaný"
"Kladno","Kladno"
"Kolin","Kolín"
"Kutna_Hora","Kutná Hora"
"Neratovice","Neratovice"
"Melnik","Mělník"
"Kralupy_nad_Vltavou","Kralupy nad Vltavou"
"Mlada_Boleslav","Mladá Boleslav"
"Podebrady","Poděbrady"
"Nymburk","Nymburk"
"Brandys_nad_Labem-Stara_Boleslav","Brandýs nad Labem-Stará Boleslav"
"Pribram","Příbram"
"Rakovnik","Rakovník"
"Krnov","Krnov"
"Bruntal","Bruntál"
"Frydek-Mistek","Frýdek-Místek"
"Cesky_Tesin","Český Těšín"
"Orlova","Orlová"
"Karvina","Karviná"
"Havirov","Havířov"
"Bohumin","Bohumín"
"Novy_Jicin","Nový Jičín"
"Koprivnice","Kopřivnice"
"Frenstat_pod_Radhostem","Frenštát pod Radhoštěm"
"Opava","Opava"
"Hlucin","Hlučín"
"Ostrava","Ostrava"
"Boskovice","Boskovice"
"Blansko","Blansko"
"Brno","Brno"
"Breclav","Břeclav"
"Veseli_nad_Moravou","Veselí nad Moravou"
"Hodonin","Hodonín"
"Kyjov","Kyjov"
"Vyskov","Vyškov"
"Znojmo","Znojmo"
"Praha","Praha"
"Rejdice","Rejdice"
"Uherske_Hradiste","Uherské Hradiště"
"Hejnice","Hejnice"
"Angers","Angers"
"Clermont-Ferrand","Clermont-Ferrand"
"Melun","Melun"
"Saint-Etienne","Saint-Etienne"
"Grenoble","Grenoble"
"Caen","Caen"
"Nantes","Nantes"
"Toulon","Toulon"
"Montpellier","Montpellier"
"Nimes","Nimes"
"Dijon","Dijon"
"Tours","Tours"
"Orleans","Orleans"
"Rouen","Rouen"
"Reims","Reims"
"Mulhouse","Mulhouse"
"Nancy","Nancy"
"Metz","Metz"
"Rennes","Rennes"
"Nice","Nice"
"Toulouse","Toulouse"
"Limoges","Limoges"
"Lille","Lille"
"Strasbourg","Strasbourg"
"Bordeaux","Bordeaux"
"Marseille","Marseille"
"Le_Havre","Le Havre"
"Lyon","Lyon"
"Modena","Modena"
"Reggio_di_Calabria","Reggio di Calabria"
"Caserta","Caserta"
"Como","Como"
"Treviso","Treviso"
"Parma","Parma"
"Bologna","Bologna"
"Cagliari","Cagliari"
"Pisa","Pisa"
"Livorno","Livorno"
"Salerno","Salerno"
"Bari","Bari"
"Foggia","Foggia"
"Lecce","Lecce"
"Taranto","Taranto"
"Messina","Messina"
"Pescara","Pescara"
"Bergamo","Bergamo"
"Trieste","Trieste"
"Verona","Verona"
"Turin","Turin"
"Genoa","Genoa"
"Florence","Florence"
"Catania","Catania"
"Venice","Venice"
"Palermo","Palermo"
"Naples","Naples"
"Milan","Milan"
"Marbella","Marbella"
"Mataro","Mataro"
"Gijon","Gijon"
"Vitoria","Vitoria"
"Almeria","Almeria"
"Malaga","Malaga"
"Albacete","Albacete"
"Santander","Santander"
"Salamanca","Salamanca"
"Burgos","Burgos"
"Cartagena","Cartagena"
"Oviedo","Oviedo"
"San_Sebastian","San Sebastiln"
"Alicante","Alicante"
"Castello","Castello"
"Cadiz","Cadiz"
"Granada","Granada"
"Murcia","Murcia"
"La_Coruna","La Coruea"
"Pamplona","Pamplona"
"Valladolid","Valladolid"
"Palma","Palma"
"Zaragoza","Zaragoza"
"Cordoba","Cordoba"
"Vigo","Vigo"
"Bilbao","Bilbao"
"Seville","Seville"
"Valencia","Valencia"
"Barcelona","Barcelona"
"-99","N. Cyprus"
"tt","Trinidad and Tobago"
"vu","Vanuatu"
"Saaremaa","Saaremaa"
"Aland","Åland"
"Gotland","Gotland"
"Zealand","Zealand"
"Lofoten","Lofoten"
"Vesteralen","Vesterålen"
"Rhodes","Rhodes"
"Crete","Crete"
"Malta","Malta"
"Menorca","Menorca"
"Mallorca","Mallorca"
"Ibiza","Ibiza"
"Lesbos","Lesbos"
"Kolguyev_I.","Kolguyev I."
"Sardegna","Sardegna"
"Corse","Corse"
"Sicilia","Sicilia"
"IRELAND","IRELAND"
"GREAT_BRITAIN","GREAT BRITAIN"
"ICELAND","ICELAND"
"Valletta","Valletta"
"Sunderland","Sunderland"
"Southampton","Southampton"
"Bristol","Bristol"
"Bournemouth","Bournemouth"
"Southend","Southend-on-Sea"
"Reading","Reading"
"Leicester","Leicester"
"Bradford","Bradford"
"Sheffield","Sheffield"
"Middlesbrough","Middlesbrough"
"Coventry","Coventry"
"Kingston_upon_Hull","Kingston upon Hull"
"Brighton","Brighton"
"Portsmouth","Portsmouth"
"Nottingham","Nottingham"
"Stoke","Stoke"
"Edinburgh","Edinburgh"
"Liverpool","Liverpool"
"Cardiff","Cardiff"
"Leeds","Leeds"
"Manchester","Manchester"
"Belfast","Belfast"
"Glasgow","Glasgow"
"sk-bl","Bratislavský"
"sk-bc","Banskobystrický"
"sk-zi","Žilinský"
"sk-ni","Nitriansky"
"sk-tc","Trenciansky"
"sk-ta","Trnavský"
"sk-ki","Košický"
"sk-pv","Prešov"
"Zvolen","Zvolen"
"Handlova","Handlová"
"Puchov","Púchov"
"Surany","Šurany"
"Galanta","Galanta"
"Povazska_Bystrica","Považská Bystrica"
"Martin","Martin"
"Kezmarok","Kežmarok"
"Topolcany","Topoľčany"
"Banska_Stiavnica","Banská Štiavnica"
"Partizanske","Partizánske"
"Hlohovec","Hlohovec"
"Levoca","Levoča"
"Myjava","Myjava"
"Michalovce","Michalovce"
"Samorin","Šamorín"
"Humenne","Humenné"
"Sabinov","Sabinov"
"Dubnica_nad_Vahom","Dubnica nad Váhom"
"Snina","Snina"
"Rimavska_Sobota","Rimavská Sobota"
"Malacky","Malacky"
"Dolny_Kubin","Dolný Kubín"
"Roznava","Rožňava"
"Kolarovo","Kolárovo"
"Zilina","Žilina"
"Kysucke_Nove_Mesto","Kysucké Nové Mesto"
"Holic","Holíč"
"Trencin","Trenčín"
"Spisska_Nova_Ves","Spišská Nová Ves"
"Trebisov","Trebišov"
"Revuca","Revúca"
"Banovce_nad_Bebravou","Bánovce nad Bebravou"
"Stara_Lubovna","Stará Ľubovňa"
"Zlate_Moravce","Zlaté Moravce"
"Komarno","Komárno"
"Lucenec","Lučenec"
"Bardejov","Bardejov"
"Skalica","Skalica"
"Velky_Krtis","Veľký Krtíš"
"Piestany","Piešťany"
"Sturovo","Štúrovo"
"Brezno","Brezno"
"Presov","Prešov"
"Filakovo","Fiľakovo"
"Stropkov","Stropkov"
"Dunajska_Streda","Dunajská Streda"
"Nove_Mesto_nad_Vahom","Nové Mesto nad Váhom"
"Cadca","Čadca"
"Pezinok","Pezinok"
"Trnava","Trnava"
"Ruzomberok","Ružomberok"
"Liptovsky_Mikulas","Liptovský Mikuláš"
"Banska_Bystrica","Banská Bystrica"
"Nova_Dubnica","Nová Dubnica"
"Senec","Senec"
"Detva","Detva"
"Prievidza","Prievidza"
"Nove_Zamky","Nové Zámky"
"Svidnik","Svidník"
"Sered","Sereď"
"Vranov_nad_Toplou","Vranov nad Topľou"
"Ziar_nad_Hronom","Žiar nad Hronom"
"Poprad","Poprad"
"Nitra","Nitra"
"Levice","Levice"
"Bytca","Bytča"
"Moldava_nad_Bodvou","Moldava nad Bodvou"
"Kosice","Košice"
"Sala","Šaľa"
"Senica","Senica"
"TIERRA_DEL_FUEGO","TIERRA DEL FUEGO"
"Nova_Scotia","Nova Scotia"
"Vancouver_Island","Vancouver Island"
"VICTORIA_ISLAND","VICTORIA ISLAND"
"LABRADOR","LABRADOR"
"ELLESMERE_ISLAND","ELLESMERE  ISLAND"
"BAFFIN_ISLAND","BAFFIN ISLAND"
"ISLAND_OF_NEWFOUNDLAND","ISLAND OF NEWFOUNDLAND"
"SULAWESI","SULAWESI"
"JAVA","JAVA"
"MINDANAO","MINDANAO"
"LUZON","LUZON"
"TAIWAN","TAIWAN"
"KYUSHU","KYÜSHÜ"
"SHIKOKU","SHIKOKU"
"HOKKAIDO","HOKKAIDÖ"
"SAKHALIN","SAKHALIN"
"SRI_LANKA","SRI LANKA"
"TASMANIA","TASMANIA"
"NEW_GUINEA","NEW GUINEA"
"BORNEO","BORNEO"
"SUMATRA","SUMATRA"
"HONSHU","HONSHÜ"
"GREENLAND","GREENLAND"
"MADAGASCAR","MADAGASCAR"
"SOUTH_ISLAND","SOUTH ISLAND"
"NORTH_ISLAND","NORTH ISLAND"
"ETHIOPIAN_HIGHLANDS","ETHIOPIAN HIGHLANDS"
"ZAGROS_MOUNTAINS","ZAGROS MOUNTAINS"
"ALTAY_MOUNTAINS","ALTAY MOUNTAINS"
"GREATER_KHINGAN_RANGE","GREATER KHINGAN RANGE"
"STANOVOY_RANGE","STANOVOY RANGE"
"CHAINE_ANNAMITIQUE","CHAÎNE ANNAMITIQUE"
"Siwalik_Hills","Siwalik Hills"
"PAMIRS","PAMIRS"
"HINDU_KUSH","HINDU KUSH"
"KARAKORAM_RA.","KARAKORAM RA."
"KUNLUN_MOUNTAINS","KUNLUN MOUNTAINS"
"ATLAS_MOUNTAINS","ATLAS MOUNTAINS"
"APPALACHIAN_MTS.","APPALACHIAN MTS."
"BROOKS_RANGE","BROOKS RANGE"
"COAST_MOUNTAINS","COAST MOUNTAINS"
"CASCADE_RANGE","CASCADE RANGE"
"ALASKA_RANGE","ALASKA RANGE"
"GREAT_DIVIDING_RANGE","GREAT DIVIDING RANGE"
"TIAN_SHAN","TIAN SHAN"
"URAL_MOUNTAINS","URAL MOUNTAINS"
"HIMALAYAS","HIMALAYAS"
"ANDES","ANDES"
"ROCKY_MOUNTAINS","ROCKY MOUNTAINS"
"Brahmaputra","Brahmaputra"
"Mekong","Mekong"
"Ob","Ob"
"Danube","Danube"
"Parana","Paraná"
"Congo","Congo"
"Lena","Lena"
"Chang_(Yangtze)","Chang (Yangtze)"
"Nile","Nile"
"Amazon","Amazon"
"Mississippi","Mississippi"
"Lake_Baikal","Lake Baikal"
"Lake_Winnipeg","Lake Winnipeg"
"Great_Slave_Lake","Great Slave Lake"
"L._Ontario","L. Ontario"
"L._Erie","L. Erie"
"Lake_Superior","Lake Superior"
"Lake_Victoria","Lake Victoria"
"Lake_Ladoga","Lake Ladoga"
"Balqash_Koli","Balqash Köli"
"Lake_Tanganyika","Lake Tanganyika"
"Lake_Malawi","Lake Malawi"
"Aral_Sea","Aral Sea"
"Vanern","Vänern"
"Lago_de_Nicaragua","Lago de Nicaragua"
"Lago_Titicaca","Lago Titicaca"
"Lake_Winnipegosis","Lake Winnipegosis"
"Lake_Onega","Lake Onega"
"Great_Bear_Lake","Great Bear Lake"
"Reindeer_Lake","Reindeer Lake"
"Lake_Huron","Lake Huron"
"Lake_Michigan","Lake Michigan"
"Tunis","Tunis"
"Baku","Baku"
"Hanoi","Hanoi"
"Ankara","Ankara"
"Sanaa","Sanaa"
"Damascus","Damascus"
"Khartoum","Khartoum"
"Pyongyang","Pyongyang"
"Dar_es_Salaam","Dar es Salaam"
"Havana","Havana"
"Kuwait","Kuwait"
"Santo_Domingo","Santo Domingo"
"Accra","Accra"
"Tripoli","Tripoli"
"Tel_Aviv-Yafo","Tel Aviv-Yafo"
"Abidjan","Abidjan"
"Brasilia","Brasilia"
"Dhaka","Dhaka"
"Luanda","Luanda"
"Algiers","Algiers"
"Rangoon","Rangoon"
"Caracas","Caracas"
"Tashkent","Tashkent"
"Bangkok","Bangkok"
"Lima","Lima"
"Dakar","Dakar"
"Johannesburg","Johannesburg"
"Casablanca","Casablanca"
"Seoul","Seoul"
"Manila","Manila"
"Monterrey","Monterrey"
"Urumqi","Urumqi"
"Chengdu","Chengdu"
"Osaka","Osaka"
"Kinshasa","Kinshasa"
"Bangalore","Bangalore"
"Baghdad","Baghdad"
"Addis_Ababa","Addis Ababa"
"Tehran","Tehran"
"Buenos_Aires","Buenos Aires"
"Kabul","Kabul"
"Taipei","Taipei"
"Istanbul","Istanbul"
"Riyadh","Riyadh"
"Cape_Town","Cape Town"
"Mexico_City","Mexico City"
"Lagos","Lagos"
"Beijing","Beijing"
"Nairobi","Nairobi"
"Jakarta","Jakarta"
"Bogota","Bogota"
"Cairo","Cairo"
"Shanghai","Shanghai"
"Tokyo","Tokyo"
"Mumbai","Mumbai"
"Santiago","Santiago"
"Kolkata","Kolkata"
"Rio_de_Janeiro","Rio de Janeiro"
"Sao_Paulo","Sao Paulo"
"Singapore","Singapore"
"Hong_Kong","Hong Kong"
"Bir_Lehlou","Bir Lehlou"
"Moroni","Moroni"
"Kigali","Kigali"
"Mbabane","Mbabane"
"Juba","Juba"
"Dodoma","Dodoma"
"Laayoune","Laayoune"
"Djibouti","Djibouti"
"Banjul","Banjul"
"Porto-Novo","Porto-Novo"
"Bujumbura","Bujumbura"
"Lome","Lome"
"Lusaka","Lusaka"
"Harare","Harare"
"Kampala","Kampala"
"Niamey","Niamey"
"Freetown","Freetown"
"Bloemfontein","Bloemfontein"
"Pretoria","Pretoria"
"Rabat","Rabat"
"Maputo","Maputo"
"Mogadishu","Mogadishu"
"Windhoek","Windhoek"
"Abuja","Abuja"
"Maseru","Maseru"
"Antananarivo","Antananarivo"
"Ndjamena","Ndjamena"
"Malabo","Malabo"
"Asmara","Asmara"
"Lilongwe","Lilongwe"
"Libreville","Libreville"
"Nouakchott","Nouakchott"
"Bamako","Bamako"
"Conakry","Conakry"
"Yamoussoukro","Yamoussoukro"
"Bangui","Bangui"
"Yaounde","Yaounde"
"Gaborone","Gaborone"
"Ouagadougou","Ouagadougou"
"Hargeysa","Hargeysa"
"Sao_Tome","Sao Tome"
"Monrovia","Monrovia"
"HAINAN","HAINAN"
"TIMOR","TIMOR"
"Palawan","Palawan"
"Bohol","Bohol"
"Negros","Negros"
"Leyte","Leyte"
"Samar","Samar"
"Panay","Panay"
"Mindoro","Mindoro"
"Melekeok","Melekeok"
"Doha","Doha"
"Baguio_City","Baguio City"
"Putrajaya","Putrajaya"
"Manama","Manama"
"Abu_Dhabi","Abu Dhabi"
"Ashgabat","Ashgabat"
"Dili","Dili"
"Dushanbe","Dushanbe"
"Islamabad","Islamabad"
"Kathmandu","Kathmandu"
"Muscat","Muscat"
"Colombo","Colombo"
"Ulaanbaatar","Ulaanbaatar"
"Amman","Amman"
"Bishkek","Bishkek"
"Beirut","Beirut"
"Tbilisi","Tbilisi"
"Astana","Astana"
"Vientiane","Vientiane"
"Bandar_Seri_Begawan","Bandar Seri Begawan"
"Yerevan","Yerevan"
"Phnom_Penh","Phnom Penh"
"Thimphu","Thimphu"
"Naypyidaw","Naypyidaw"
"Male","Male"
"Jerusalem","Jerusalem"
"Nicosia","Nicosia"
"Kuala_Lumpur","Kuala Lumpur"
"Dubai","Dubai"
"New_Delhi","New Delhi"
"Port-of-Spain","Port-of-Spain"
"Roseau","Roseau"
"Bridgetown","Bridgetown"
"Kingstown","Kingstown"
"Castries","Castries"
"Basseterre","Basseterre"
"Saint_George's","Saint George's"
"Saint_John's","Saint John's"
"Tegucigalpa","Tegucigalpa"
"Port-au-Prince","Port-au-Prince"
"Managua","Managua"
"Panama_City","Panama City"
"San_Salvador","San Salvador"
"Kingston","Kingston"
"Guatemala","Guatemala"
"Belmopan","Belmopan"
"Nassau","Nassau"
"Funafuti","Funafuti"
"Tarawa","Tarawa"
"Port-Vila","Port Vila"
"Port_Moresby","Port Moresby"
"Honiara","Honiara"
"Wellington","Wellington"
"Suva","Suva"
"Auckland","Auckland"
"Montevideo","Montevideo"
"Georgetown","Georgetown"
"Paramaribo","Paramaribo"
"Asuncion","Asuncion"
"Quito","Quito"
"Sucre","Sucre"
"La_Paz","La Paz"
"Sumava","Sumava"
"Krusne_hory","Krusné hory"
"Ceske_Stredohori","Ceské Stredohorí"
"Krkonose","Krkonose"
"Jizerske_hory","Jizerské hory"
"Orlicke_hory","Orlické hory"
"Hruby_Jesenik","Hrubý Jeseník"
"Beskydy","Beskydy"
"Ceskomoravska_vrchovina","Ceskomoravská vrchovina"
"Bile_Karpaty","Bílé Karpaty"
"Cesky_les","Ceský les"
"Drahanska_vrchovina","Drahanská vrchovina"
"Rychlebske_hory","Rychlebské hory"
"Nizky_Jesenik","Nízký Jeseník"
"Plzenska_pahorkatina","Plzenská pahorkatina"
"Novohradske_hory","Novohradské hory"
"Chriby","Chriby"
"Doupovske_hory","Doupovské hory"
"Brdy","Brdy"
"Jestedsko-kozakovsky_hrbet","Jestedsko-kozákovský hrbet"
"Luzicke_hory","Luzické hory"
"Javorniky","Javorníky"
"Stredoceska_pahorkatina","Stredoceská pahorkatina"
"Labe","Labe"
"Vltava","Vltava"
"Ohre","Ohre"
"Berounka","Berounka"
"Sazava","Sázava"
"Otava","Otava"
"Morava","Morava"
"Orlice","Orlice"
"Odra","Odra"
"Ostravice","Ostravice"
"Dyje","Dyje"
"Svratka","Svratka"
"Svitava","Svitava"
"Jizera","Jizera"
"Uslava","Úslava"
"Uhlava","Úhlava"
"Radbuza","Radbuza"
"Mze","Mze"
"Becva","Becva"
"Daugava_(Zapadnaya_Dvina)","Daugava (Zapadnaya Dvina)"
"Dniester","Dniester"
"Drava","Drava"
"Duero","Duero"
"Ebro","Ebro"
"Elbe","Elbe"
"Garonne","Garonne"
"Loire","Loire"
"Oder","Oder"
"Po","Po"
"Seine","Seine"
"Svernaya_Dvina","Svernaya Dvina"
"Thames","Thames"
"Vistula","Vistula"
"Vychegda","Vychegda"
"Rhine","Rhine"
"Volga","Volga"
"Don","Don"
"Dalalven","Dalälven"
"Kama","Kama"
"Tajo","Tajo"
"Tisa","Tisa"
"Dnepre","Dnepre"
"Rhone","Rhône"
"Glomma","Glomma"
"Kemijoki","Kemijoki"
"Sukhona","Sukhona"
"Luznice","Luznice"
"Ganges","Ganges"
"Yenisey","Yenisey"
"Missouri","Missouri"
"Yukon","Yukon"
"Orinoco","Orinoco"
"Niger","Niger"
"Zambezi","Zambezi"
"Rio_Grande","Rio Grande"
"Mackenzie","Mackenzie"
"Huang","Yellow River"
"Darling","Darling"
"Orange","Orange"
"Tigris","Tigris"
"Amu_Darya","Amu  Darya"
"Euphrates","Euphrates"
"Indus","Indus"
"Amur","Amur"
"Murray","Murray"
"St._Lawrence","St. Lawrence"
"Syr_Darya","Syr  Darya"
"Yangtze","Yangtze"
"Senegal","Sénégal"
"Limpopo","Limpopo"
"Okawango","Okawango"
"Ubangi","Ubangi"
"Chari","Chari"
"Baja_California","Baja California"
"Baja_California_Sur","Baja California Sur"
"Coahuila","Coahuila"
"Chihuahua","Chihuahua"
"Durango","Durango"
"Sinaloa","Sinaloa"
"Sonora","Sonora"
"Zacatecas","Zacatecas"
"Nuevo_Leon","Nuevo León"
"San_Luis_Potosi","San Luis Potosí"
"Tamaulipas","Tamaulipas"
"Aguascalientes","Aguascalientes"
"Colima","Colima"
"Jalisco","Jalisco"
"Michoacan","Michoacán"
"Nayarit","Nayarit"
"Campeche","Campeche"
"Oaxaca","Oaxaca"
"Puebla","Puebla"
"Tabasco","Tabasco"
"Tlaxcala","Tlaxcala"
"Distrito_Federal","Distrito Federal"
"Guanajuato","Guanajuato"
"Guerrero","Guerrero"
"Hidalgo","Hidalgo"
"Mexico","México"
"Morelos","Morelos"
"Queretaro","Querétaro"
"Veracruz","Veracruz"
"Chiapas","Chiapas"
"Quintana_Roo","Quintana Roo"
"Yucatan","Yucatán"
"city-Gomez_Palacio","Gomez Palacio"
"city-Reynosa","Reynosa"
"city-Tlaxcala","Tlaxcala"
"city-Irapuato","Irapuato"
"city-Celaya","Celaya"
"city-Nezahualcoyotl","Nezahualcoyotl"
"city-Orizaba","Orizaba"
"city-Xalapa","Xalapa"
"city-Mazatlan","Mazatltn"
"city-Morelia","Morelia"
"city-Tepic","Tepic"
"city-Pachuca","Pachuca"
"city-Toluca","Toluca"
"city-Saltillo","Saltillo"
"city-Ciudad_Juarez","Ciudad Ju rez"
"city-Durango","Durango"
"city-Aguascalientes","Aguascalientes"
"city-Villahermosa","Villahermosa"
"city-Cuernavaca","Cuernavaca"
"city-Queretaro","Queretaro"
"city-Mexicali","Mexicali"
"city-Torreon","Torreon"
"city-Culiacan","Culiacan"
"city-Hermosillo","Hermosillo"
"city-San_Luis_Potosi","San Luis Potosi"
"city-Matamoros","Matamoros"
"city-Nuevo_Laredo","Nuevo Laredo"
"city-Oaxaca","Oaxaca"
"city-Leon","Leon"
"city-Tijuana","Tijuana"
"city-Chihuahua","Chihuahua"
"city-Tampico","Tampico"
"city-Acapulco","Acapulco"
"city-Veracruz","Veracruz"
"city-Tuxtla_Gutierrez","Tuxtla Gutierrez"
"city-Cancun","Cancun"
"city-Merida","Merida"
"city-Guadalajara","Guadalajara"
"city-Puebla","Puebla"
"city-Monterrey","Monterrey"
"city-Mexico_City","Mexico City"
"Santa_Cruz","Santa Cruz"
"Tierra_del_Fuego-state","Tierra del Fuego"
"San_Juan","San Juan"
"Chubut","Chubut"
"Mendoza","Mendoza"
"Neuquen","Neuquén"
"La_Pampa","La Pampa"
"Rio_Negro","Río Negro"
"San_Luis","San Luis"
"Catamarca","Catamarca"
"Jujuy","Jujuy"
"La_Rioja","La Rioja"
"Salta","Salta"
"Santiago_del_Estero","Santiago del Estero"
"Tucuman","Tucumán"
"Chaco","Chaco"
"Formosa","Formosa"
"Corrientes","Corrientes"
"Entre_Rios","Entre Ríos"
"Santa_Fe","Santa Fe"
"Misiones","Misiones"
"Ciudad_de_Buenos_Aires","Ciudad de Buenos Aires"
"city-Corrientes","Corrientes"
"city-La_Plata","La Plata"
"city-San_Luis","San Luis"
"city-San_Salvador_de_Jujuy","San Salvador de Jujuy"
"city-Santiago_del_Estero","Santiago del Estero"
"city-Resistencia","Resistencia"
"city-San_Juan","San Juan"
"city-Salta","Salta"
"city-San_Miguel_de_Tucuman","Tucum-n"
"city-Santa_Fe","Santa Fe"
"city-Rosario","Rosario"
"city-Mendoza","Mendoza"
"city-Mar_del_Plata","Mar del Plata"
"city-Cordoba","Cordoba"
"city-Posadas","Posadas"
"city-Buenos_Aires","Buenos Aires"
"Goias","Goiás"
"Pernambuco","Pernambuco"
"Acre","Acre"
"Amazonas","Amazonas"
"Maranhao","Maranhão"
"Para","Pará"
"Rondonia","Rondônia"
"Tocantins","Tocantins"
"Mato_Grosso_do_Sul","Mato Grosso do Sul"
"Minas_Gerais","Minas Gerais"
"Mato_Grosso","Mato Grosso"
"Rio_Grande_do_Sul","Rio Grande do Sul"
"Parana-state","Paraná"
"Santa_Catarina","Santa Catarina"
"Ceara","Ceará"
"Piaui","Piauí"
"Alagoas","Alagoas"
"Bahia","Bahia"
"Espirito_Santo","Espírito Santo"
"Paraiba","Paraíba"
"Rio_de_Janeiro-state","Rio de Janeiro"
"Rio_Grande_do_Norte","Rio Grande do Norte"
"Sergipe","Sergipe"
"Roraima","Roraima"
"Amapa","Amapá"
"Niteroi","Niteroi"
"Vitoria-Brazil","Vitoria"
"Vila_Velha","Vila Velha"
"Santos","Santos"
"Sao_Luis","Sao Luis"
"Belo_Horizonte","Belo Horizonte"
"Maceio","Maceio"
"Natal","Natal"
"Campinas","Campinas"
"Manaus","Manaus"
"Florianopolis","Florianopolis"
"Belem","Belem"
"Porto_Alegre","Porto Alegre"
"Curitiba","Curitiba"
"Fortaleza","Fortaleza"
"Salvador","Salvador"
"Goiania","Goiania"
"Recife","Recife"
"gf","French Guiana"
"Bebrava","Bebrava"
"Biela_Orava","Biela Orava"
"Biela_Voda","Biela Voda"
"Biely_Vah","Biely Váh"
"Blh","Blh"
"Bodrog","Bodrog"
"Bodva","Bodva"
"Cirocha","Cirocha"
"Cierna_Voda","Čierna Voda"
"Cierny_Vah","Čierny Váh"
"Dudvah","Dudváh"
"Dunaj","Dunaj"
"Dunajec","Dunajec"
"Hnilec","Hnilec"
"Hornad","Hornád"
"Hron","Hron"
"Ida","Ida"
"Ipel","Ipeľ"
"Krupinica","Krupinica"
"Kysuca","Kysuca"
"Laborec","Laborec"
"Latorica","Latorica"
"Maly_Dunaj","Malý Dunaj"
"Nitrica","Nitrica"
"Ondava","Ondava"
"Orava","Orava"
"Rajcanka","Rajčanka"
"Rimava","Rimava"
"Rudava","Rudava"
"Sikenica","Sikenica"
"Slana","Slaná"
"Stara_Nitra","Stará Nitra"
"Topla","Topľa"
"Torysa","Torysa"
"Trnavka","Trnávka"
"Turiec","Turiec"
"Uh","Uh"
"Vah","Váh"
"Vlara","Vlára"
"Zitava","Žitava"
"Ryn","Rýn"
"Lech","Lech"
"Inn","Inn"
"Ill","Ill"
"Salzach","Salzach"
"Pinka","Pinka"
"Litava","Litava"
"Malse","Malše"
"Travna","Travna"
"Kremze","Kremže"
"Enze","Enže"
"Salza","Salza"
"Lavant","Lavant"
"Gail","Gail"
"Mura","Mura"
"Murz","Mürz"
"Raba","Rába"
"Bela_(Cechy)","Bělá (Čechy)"
"Bela_(Morava)","Bělá (Morava)"
"Blanice_(J._Cechy)","Blanice (J. Čechy)"
"Blanice_(Sazava)","Blanice (Sázava)"
"Blata","Blata"
"Blsanka","Blšanka"
"Bobruvka","Bobrůvka"
"Branna","Branná"
"Bystrice_(Cechy)","Bystřice (Čechy)"
"Bystrice_(Morava)","Bystřice (Morava)"
"Cidlina","Cidlina"
"Desna","Desná"
"Divoka_Orlice","Divoká Orlice"
"Doubrava","Doubrava"
"Drevnice","Dřevnice"
"Hana","Haná"
"Chomutovka","Chomutovka"
"Chrudimka","Chrudimka"
"Jevisovka","Jevišovka"
"Kamenice_(J._Cechy)","Kamenice (J. Čechy)"
"Kamenice_(S._Cechy)","Kamenice (S. Čechy)"
"Klabava","Klabava"
"Kocaba","Kocába"
"Krupa","Krupá"
"Kremelna","Křemelná"
"Kyjovka","Kyjovka"
"Litavka","Litavka"
"Lodenice","Loděnice"
"Lomnice","Lomnice"
"Loucna","Loučná"
"Luzicka_Nisa","Lužická Nisa"
"Metuje","Metuje"
"Moravice","Moravice"
"Moravska_Dyje","Moravská Dyje"
"Moravska_Sazava","Moravská Sázava"
"Mostenka","Moštěnka"
"Mrlina","Mrlina"
"Nezarka","Nežárka"
"Novohradka","Novohradka"
"Olsava","Olšava"
"Olse","Olše"
"Opavice","Opavice"
"Oskava","Oskava"
"Oslava","Oslava"
"Ploucnice","Ploučnice"
"Punkva","Punkva"
"Rokytna","Rokytná"
"Rolava","Rolava"
"Romze","Romže"
"Roznovska_Becva","Rožnovská Bečva"
"Skalice","Skalice"
"Smeda","Smědá"
"Stenava","Stěnava"
"Stropnice","Stropnice"
"Strela","Střela"
"Svatava","Svatava"
"Tepla","Teplá"
"Ticha_Orlice","Tichá Orlice"
"Trkmanka","Trkmanka"
"Trebuvka","Třebůvka"
"Tremosna","Třemošná"
"Upa","Úpa"
"Velicka","Velička"
"Vidnavka","Vidnavka"
"Volynka","Volyňka"
"Vsetinska_Becva","Vsetínská Bečva"
"Vydra","Vydra"
"Vyrovka","Výrovka"
"Zlata_stoka","Zlatá stoka"
"Zeletavka","Želetavka"
"Zelivka","Želivka"
"Zirovnice","Žirovnice"
"Helsingborg","Helsingborg"
"Uppsala","Uppsala"
"Goteborg","Göteborg"
"Karlstad","Karlstad"
"Malmo","Malmö"
"Lund","Lund"
"Norrkoping","Norrköping"
"Gavle","Gävle"
"Vasteras","Västeras"
"Orebro","Örebro"
"Jonkoping","Jönköping"
"Huddinge","Huddinge"
"Linkoping","Linköping"
"Narvik","Narvik"
"Bergen","Bergen"
"Stavanger","Stavanger"
"Drammen","Drammen"
"Fredrikstad","Fredrikstad"
"Kristiansand","Kristiansand"
"Lillehammer","Lillehammer"
"Molde","Molde"
"Skien","Skien"
"Trondheim","Trondheim"
"Asker","Asker"
"Bodo","Bodo"
"Tromso","Tromso"
"Pori","Pori"
"Turku","Turku"
"Espoo","Espoo"
"Oulu","Oulu"
"Vantaa","Vantaa"
"Tampere","Tampere"
"Kuopio","Kuopio"
"Lahti","Lahti"
"Joensuu","Joensuu"
"Kouvola","Kouvola"
"Lappeenranta","Lappeenranta"
"Hameenlinna","Hämeenlinna"
"Jyvaskyla","Jyväskylä"
"Colorado","Colorado"
"Red","Red"
"Arkansas","Arkansas"
"Yellowstone","Yellowstone"
"Platte","Platte"
"Ohio","Ohio"
"Snake","Snake"
"Columbia","Columbia"
"Liard","Liard"
"Peace","Peace"
"Athabasca","Athabasca"
"Thelon","Thelon"
"Churchill","Churchill"
"Nelson","Nelson"
"Saskatchewan","Saskatchewan"
"Hudson","Hudson"
"Reka_sv._Vavrince","St. Lawrence"
"Kaspicke_more","Caspian Sea"
"Azovske_more","Sea of Azov"
"Cerne_more","Black Sea"
"Bospor","Bosphorus"
"Dardanely","Dardanelles"
"Marmanske_more","Sea of Marmara"
"Egejske_more","Aegean Sea"
"Jonske_more","Ionian Sea"
"Tyrhenske_more","Tyrrhenian Sea"
"Jaderske_more","Adriatic Sea"
"Stredozemni_more","Mediterranean Sea"
"Lvi_zaliv","Gulf of Lion"
"Balearske_more","Balearic Sea"
"Ligurske_more","Ligurian Sea"
"Gibraltarsky_pruliv","Strait of Gibraltar"
"Biskajsky_zaliv","Bay of Biscay"
"Lamanssky_pruliv","English Channel"
"Doverska_uzina","Strait of Dover"
"Irske_more","Irish Sea"
"Severni_more","North Sea"
"Norske_more","Norwegian Sea"
"Barentsovo_more","Barents Sea"
"Bile_more","White Sea"
"Finsky_zaliv","Gulf of Finland"
"Botnicky_zaliv","Gulf of Bothnia"
"Baltske_more","Baltic Sea"