"mx","Mexiko"
"de","Deutschland"
"at","Österreich"
"ar","Argentinien"
"au","Australien"
"sk","Slowakei"
"gb","Vereinigtes Königreich"
"us","Vereinigte Staaten von Amerika"
"br","Brasilien"
"es","Spanien"
"cz","Tschechien"
"cn","China"
"fr","Frankreich"
"world","Welt"
"africa","Afrika"
"samerica","Südamerika"
"namerica","Nordamerika"
"europe","Europa"
"asia","Asien"
"oceania","Australien und Oceanien"
"in","Indien"
"it","Italien"
"ca","Kanada"
"us-al","Alabama"
"us-az","Arizona"
"us-ar","Arkansas"
"us-ca","Kalifornien"
"us-co","Colorado"
"us-ct","Connecticut"
"us-de","Delaware"
"us-fl","Florida"
"us-ga","Georgia"
"us-id","Idaho"
"us-il","Illinois"
"us-in","Indianapolis"
"us-ia","Iowa"
"us-ks","Kansas  "
"us-ky","Kentucky"
"us-la","Louisiana"
"us-me","Maine"
"us-md","Maryland"
"us-ma","Massachusetts"
"us-mi","Michigan"
"us-mn","Minnesota"
"us-ms","Mississippi"
"us-mo","Missouri"
"us-mt","Montana"
"us-ne","Nebraska"
"us-nv","Nevada"
"us-nh","New Hampshire"
"us-nj","New Jersey"
"us-nm","New Mexiko"
"us-ny","New York"
"us-nc","Nord - Karolina"
"us-nd","Nord - Dakota"
"us-oh","Ohio"
"us-ok","Oklahoma"
"us-or","Oregon"
"us-pa","Pennsylvania"
"us-ri","Rhode Island"
"us-sc","Süd - Karolina"
"us-sd","Süd - Dakota"
"us-tn","Tennessee"
"us-tx","Texas"
"us-ut","Utah"
"us-vt","Vermont"
"us-va","Virginia   "
"us-wa","Washington"
"us-wv","West Virginia"
"us-wi","Wisconsin"
"us-wy","Wyoming"
"al","Albanien"
"af","Afghanistan"
"dz","Algerien"
"ao","Angola"
"ar","Argentinien"
"am","Armenien"
"au","Australien"
"az","Aserbaidschan"
"bs","Bahamas"
"bd","Bangladesch"
"be","Belgien"
"bz","Belize"
"by","Weißrussland"
"bj","Benin"
"bt","Bhutan"
"bo","Bolivien"
"ba","Bosnien und Herzegowina"
"bw","Botswana"
"br","Brasilien"
"bn","Brunei"
"bg","Bulgarien"
"bf","Burkina Faso"
"bi","Burundi"
"td","Tschad"
"me","Montenegro"
"cz","Tschechien"
"cn","China"
"dk","Dänemark"
"cd","Demokratische Republik Kongo"
"do","Dominikanische Republik"
"dj","Dschibuti"
"eg","Ägypten"
"ec","Ecuador"
"er","Eritrea"
"ee","Estland"
"et","Äthiopien"
"fk","Falkland"
"fj","Fidschi"
"ph","Philippinen"
"fi","Finnland"
"fr","Frankreich"
"tf","Francouzská jižní a antarktická území"
"ga","Gabun"
"gm","Gambia"
"gh","Ghana"
"gl","Grönland"
"ge","Georgien"
"gt","Guatemala"
"gn","Guinea"
"gw","Guinea-Bissau"
"gy","Guyana"
"ht","Haiti"
"hn","Honduras"
"cl","Chile"
"hr","Kroatien"
"in","Indien"
"id","Indonesien"
"iq","Irak"
"ir","Iran"
"ie","Irland"
"is","Island"
"it","Italien"
"il","Israel"
"jm","Jamaika"
"jp","Japan"
"ye","Jemen"
"za","Südafrika"
"kr","Südkorea"
"ss","Südsudan"
"jo","Jordanien"
"kh","Kambodscha"
"cm","Kamerun"
"ca","Kanada"
"qa","Katar"
"kz","Kasachstan"
"ke","Kenia"
"co","Kolumbien"
"cg","Kongo"
"cr","Costa Rica"
"cu","Kuba"
"kw","Kuwait"
"cy","Kypr"
"kg","Kirgisistan"
"la","Laos"
"ls","Lesotho"
"lb","Libanon"
"lr","Liberia"
"ly","Libyen"
"lt","Litauen"
"lv","Lettland"
"lu","Luxemburg"
"mg","Madagaskar"
"hu","Ungarn"
"mk","Mazedonien"
"my","Malaysia"
"mw","Malawi"
"ml","Mali"
"ma","Marokko"
"mr","Mauretanien"
"mx","Mexiko"
"md","Moldawien"
"mn","Mongolei"
"mz","Mosambik"
"mm","Myanmar"
"na","Namibia"
"de","Deutschland"
"np","Nepal"
"ne","Niger"
"ng","Nigeria"
"ni","Nicaragua"
"nl","Niederlande"
"no","Norwegen"
"nc","Neukaledonien"
"nz","Neuseeland"
"om","Oman"
"pk","Pakistan"
"ps","Palästinensische Autonomiebehörde"
"pa","Panama"
"pg","Papua-Neuguinea"
"py","Paraguay"
"pe","Peru"
"ci","Elfenbeinküste"
"pl","Polen"
"pr","Portoriko"
"pt","Portugal"
"at","Österreich"
"gq","Äquatorialguinea"
"ro","Rumänien"
"ru","Russland"
"rw","Ruanda"
"gr","Griechenland"
"sv","Salvador"
"sa","Saudi-Arabien"
"sn","Senegal"
"kp","Nordkorea"
"sl","Sierra Leone"
"sk","Slowakei"
"si","Slowenien"
"so","Somalia"
"ae","Vereinigte Arabische Emirate"
"gb","Vereinigtes Königreich"
"us","Vereinigte Staaten von Amerika"
"rs","Serbien"
"cf","Zentralafrikanische Republik"
"sd","Sudan"
"sr","Suriname"
"sz","Swasiland"
"sy","Syrien"
"sb","Salomonen"
"es","Spanien"
"lk","Sri Lanka"
"se","Schweden"
"ch","Schweiz"
"tj","Tadschikistan"
"tz","Tansania"
"th","Thailand"
"tw","Taiwan"
"tg","Togo"
"tn","Tunesien"
"tr","Türkei"
"tm","Turkmenistan"
"ug","Uganda"
"ua","Ukraine"
"uy","Uruguay"
"uz","Usbekistan"
"ve","Venezuela"
"vn","Vietnam"
"tl","Osttimor"
"zm","Sambia"
"eh","Westsahara"
"zw","Simbabwe"
"world","Welt"
"africa","Afrika"
"samerica","Südamerika"
"namerica","Nordamerika"
"europe","Europa"
"asia","Asien"
"oceania","Australien und Oceanien"
"xk","Kosovo"
"xs","Somaliland"
"cz-us","Aussiger Region"
"cz-pl","Pilsner Region"
"cz-jm","Südmährische Region"
"cz-zl","Zliner Region"
"cz-ol","Olmützer Region"
"cz-pa","Pardubitzer Region"
"cz-ka","Karlsbader Region"
"cz-jc","Südböhmische Region"
"cz-vy","Region Hochland"
"cz-pr","Hauptstadt Prag"
"cz-st","Mittelböhmische Region"
"cz-li","Reichenberger Region"
"cz-kr","Königgrätzer Region"
"cz-mo","Mährisch-Schlesische Region"
"de-nw","Nordrhein-Westfalen"
"de-bw","Baden-Württemberg"
"de-he","Hessen"
"de-hb","Bremen"
"de-ni","Niedersachsen"
"de-th","Thüringen"
"de-hh","Hamburg"
"de-sh","Schleswig-Holstein"
"de-rp","Rheinland-Pfalz"
"de-sl","Saarland"
"de-by","Bayern"
"de-be","Berlin"
"de-st","Sachsen-Anhalt"
"de-sn","Sachsen"
"de-bb","Brandenburg"
"de-mv","Mecklenburg-Vorpommern"
"at-vo","Vorarlberg"
"at-bu","Burgenland"
"at-st","Steiermark"
"at-ka","Kärnten"
"at-oo","Oberösterreich"
"at-sz","Land Salzburg"
"at-tr","Tirol"
"at-no","Niederösterreich"
"at-wi","Wien"
"in-ch","Čhattísgarh"
"in-dl","Delhi"
"in-hp","Himachal Pradesh"
"in-hr","Haryana"
"in-jk","Jammu und Kashmir"
"in-ap","Andhra Pradesh"
"in-kl","Kerala"
"in-ld","Lakadivy / Lakšadvíp"
"in-or","Odisha"
"in-dn","Dádra a Nagar-havéli"
"in-ka","Karnataka"
"in-mh","Maharashtra"
"in-an","Andamany a Nikobary"
"in-as","Assam"
"in-mn","Manipur"
"in-nl","Nagaland"
"in-ml","Meghalaya"
"in-pb","Punjab"
"in-rj","Rajasthan"
"in-up","Uttar Pradesh"
"in-ut","Uttarakhand"
"in-jh","Jharkhand"
"in-wb","Westbengalen"
"in-br","Bihar"
"in-sk","Sikkim"
"in-ct","Chhattisgarh"
"in-mp","Madhya Pradesh"
"in-py","Puttuččéri"
"in-tn","Tamil Nadu"
"in-gj","Gujarat"
"in-ga","Goa"
"in-ar","Arunachal Pradesh"
"in-mz","Mizoram"
"in-tr","Tripura"
"Daman and Diu","Damán a Díjú"
"cn-62","Gansu"
"cn-63","Qinghai"
"cn-45","Guangxi"
"cn-52","Guizhou"
"cn-50","Chongqing"
"cn-11","Peking"
"cn-35","Fujian"
"cn-34","Anhui"
"cn-44","Guangdong"
"cn-54","Autonomes Gebiet Tibet"
"cn-65","Xinjiang"
"cn-46","Hainan"
"cn-64","Ningxia"
"cn-61","Shaanxi"
"cn-14","Shanxi"
"cn-42","Hubei"
"cn-43","Hunan"
"cn-51","Sichuan"
"cn-53","Yunnan"
"cn-13","Hebei"
"cn-41","Henan"
"cn-21","Liaoning"
"cn-37","Shandong"
"cn-12","Tianjin"
"cn-36","Jiangxi"
"cn-32","Jiangsu"
"cn-31","Shanghai"
"cn-33","Zhejiang"
"cn-22","Jilin"
"cn-15","Innere Mongolei"
"cn-23","Heilongjiang"
"San_Marino","San Marino"
"Vaduz","Vaduz"
"Luxembourg","Luxemburg"
"Monaco","Monaco"
"Andorra","Andorra"
"Ljubljana","Ljubljana"
"Bratislava","Bratislava"
"Podgorica","Podgorica"
"Bern","Bern"
"Pristina","Prishtina"
"Skopje","Skopje"
"Reykjavik","Reykjavík"
"Chisinau","Chișinău"
"Vilnius","Vilnius"
"Riga","Riga"
"Zagreb","Zagreb"
"Tallinn","Tallinn"
"Belgrade","Belgrad"
"Tirana","Tirana"
"Sofia","Sofia"
"Minsk","Minsk"
"Sarajevo","Sarajevo"
"Budapest","Budapest"
"Bucharest","Bukarest"
"Lisbon","Lissabon"
"Oslo","Oslo"
"Warsaw","Warschau"
"Dublin","Dublin"
"Prague","Prag"
"Helsinki","Helsinki"
"Kobenhavn","Kopenhagen"
"Brussels","Brüssel"
"Kiev","Kiew"
"Madrid","Madrid"
"Geneva","Ženeva"
"Stockholm","Stockholm"
"Amsterdam","Amsterdam"
"Berlin","Berlin"
"Athens","Athen"
"Vienna","Wien"
"London","London"
"Moscow","Moskau"
"Rome","Rom"
"Paris","Paris"
"it-65","Abruzzen"
"it-75","Apulien"
"it-77","Basilikata"
"it-78","Kalabrien"
"it-72","Kampanien"
"it-45","Emilia-Romagna"
"it-36","Friaul-Julisch Venetien"
"it-62","Latium"
"it-42","Ligurien"
"it-25","Lombardei"
"it-57","Marken"
"it-67","Molise"
"it-21","Piemont"
"it-88","Sardinien"
"it-82","Sizilien"
"it-52","Toskana"
"it-32","Südtirol"
"it-55","Umbrien"
"it-23","Aostatal"
"it-34","Venetien"
"fr-a","Elsass"
"fr-b","Aquitanien"
"fr-c","Auvergne"
"fr-p","Basse-Normandie"
"fr-d","Burgund"
"fr-e","Bretagne"
"fr-f","Centre"
"fr-g","Champagne-Ardenne"
"fr-h","Korsika"
"fr-i","Freigrafschaft"
"fr-q","Haute-Normandie"
"fr-j","Île-de-France"
"fr-k","Languedoc-Roussillon"
"fr-l","Limousin"
"fr-m","Lothringen"
"fr-n","Midi-Pyrénées"
"fr-o","Nord-Pas-de-Calais"
"fr-r","Länder der Loire"
"fr-s","Picardie"
"fr-t","Poitou-Charentes"
"fr-u","Provence-Alpes-Côte d’Azur"
"fr-v","Rhône-Alpes"
"es-an","Andalusien"
"es-ar","Aragonien"
"es-cb","Kantabrien"
"es-cl","Kastilien und León"
"es-cm","Kastilien-La Mancha"
"es-ct","Katalonien"
"es-md","Madrid"
"es-na","Navarra"
"es-vc","Valencia"
"es-ex","Extremadura"
"es-ga","Galicien"
"es-pm","Balearen"
"es-lo","La Rioja"
"es-pv","Baskenland"
"es-as","Asturien"
"es-mu","Murcia"
"ca-mb","Manitoba"
"ca-sk","Saskatchewan"
"ca-ab","Alberta"
"ca-bc","British Columbia"
"ca-nu","Nunavut"
"ca-nt","Nordwest-Territorien"
"ca-yt","Yukon"
"ca-on","Ontario"
"ca-qc","Québec"
"ca-nb","New Brunswick"
"ca-ns","Neuschottland"
"ca-nl","Neufundland und Labrador"
"ca-pe","Prince Edward Island"
"au-nt","Northern Territory"
"au-wa","Western Australia"
"au-ct","Australian Capital Territory"
"au-ns","New South Wales"
"au-sa","South Australia"
"au-vi","Victoria"
"au-ql","Queensland"
"au-ts","Tasmanien"
"Hardanger-vidda","Hardangervidda"
"Bohmerwald","Böhmerwald"
"Transylvanian_Alps","Transsilvanische Alpen"
"Tatra_Mts.","Tatra"
"Pindus_Mts.","Pindos"
"Calabria","Kalabrien"
"Harz","Harz"
"Vosges","Vogesen"
"Sudetes_Mts.","Sudeten"
"Erzgebirge","Erzgebirge"
"Ardennes","Ardennen"
"Jura","Jura"
"Grampian_Mts.","Grampian"
"Cambrian_Mts.","Kambrien"
"Balkan_Mts.","Balkangebirge"
"Dinaric_Alps","Dinarisches Gebirge"
"Cord._Cantabrica","Kantabrisches Gebirge"
"S._Nevada","Sierra Nevada"
"Sierra_Morena","Sierra Morena"
"KJLEN_MOUNTAINS","Skandinavische Gebirge"
"CARPATHIAN_MOUNTAINS","Karpaten"
"APPENNINI","Apennin"
"PYRENEES","Pyrenäen"
"ALPS","Alpen"
"CAUCASUS_MTS.","Kaukasus"
"Mesa","Mesa"
"San_Mateo","San Mateo"
"Aurora","Aurora"
"Kansas_City","Kansas City"
"Pasadena","Pasadena"
"Grand_Prairie","Arlington"
"Stamford","Stamford"
"Joliet","Joliet"
"Stockton","Stockton"
"Oceanside","Oceanside"
"Irvine","Irvine"
"New_Haven","New Haven"
"Lowell","Lowell"
"Fort_Lauderdale","Fort Lauderdale"
"Gary","Gary"
"Covington","Covington"
"Akron","Akron"
"Grand_Rapids","Grand Rapids"
"Tacoma","Tacoma"
"Long_Beach","Long Beach"
"Hartford","Hartford"
"Providence","Providence"
"Birmingham","Birmingham"
"St._Petersburg","St. Petersburg"
"Dayton","Dayton"
"Virginia_Beach","Virginia Beach"
"Oakland","Oakland"
"West_Palm_Beach","West Palm Beach"
"Sarasota","Sarasota"
"Louisville","Louisville"
"Charlotte","Charlotte"
"Columbus","Columbus"
"Albany","Albany"
"Harrisburg","Harrisburg"
"San_Bernardino","San Bernardino"
"Bridgeport","Bridgeport"
"Rochester","Rochester"
"Tucson","Tucson"
"Fresno","Fresno"
"Albuquerque","Albuquerque"
"Tulsa","Tulsa"
"Ft._Worth","Fort Worth"
"Austin","Austin"
"El_Paso","El Paso"
"Orlando","Orlando"
"Jacksonville","Jacksonville"
"Indianapolis","Indianapolis"
"Knoxville","Knoxville"
"Richmond","Richmond"
"Baltimore","Baltimore"
"Syracuse","Syracuse"
"San_Jose","San Jose"
"Sacramento","Sacramento"
"Las_Vegas","Las Vegas"
"Portland","Portland"
"Salt_Lake_City","Salt Lake City"
"Omaha","Omaha"
"Oklahoma_City","Oklahoma City"
"San_Antonio","San Antonio"
"Raleigh","Raleigh"
"Cleveland","Cleveland"
"Cincinnati","Cincinnati"
"Nashville","Nashville"
"Memphis","Memphis"
"Norfolk","Norwolk"
"Milwaukee","Milwaukee"
"Buffalo","Buffalo"
"Pittsburgh","Pittsburgh"
"Minneapolis","Minneapolis"
"Seattle","Seattle"
"Phoenix","Phoenix"
"San_Diego","San Diego"
"St._Louis","Saint Louis"
"New_Orleans","New Orleans"
"Dallas","Dallas"
"Boston","Boston"
"Tampa","Tampa"
"Philadelphia","Philadelphia"
"Detroit","Detroit"
"San_Francisco","San Francisco"
"Denver","Denver"
"Houston","Houston"
"Miami","Miami"
"Atlanta","Atlanta"
"Chicago","Chicago"
"Los_Angeles","Los Angeles"
"Washington,_D.C.","Washington, D.C."
"New_York","New York"
"Bielefeld","Bielefeld"
"Dortmund","Dortmund"
"Duisburg","Duisburg"
"Wuppertal","Wuppertal"
"Essen","Essen"
"Karlsruhe","Karlsruhe"
"Heidelberg","Heidelberg"
"Augsburg","Augsburg"
"Chemnitz","Chemnitz"
"Bonn","Bonn"
"Dusseldorf","Düsseldorf"
"Mannheim","Mannheim"
"Wiesbaden","Wiesbaden"
"Hannover","Hannover"
"Koblenz","Koblenz"
"Saarbrucken","Saarbrücken"
"Leipzig","Lipsko"
"Stuttgart","Stuttgart"
"Bremen","Bremen"
"Nurnberg","Nürnberg"
"Cologne","Köln"
"Dresden","Dresden"
"Frankfurt","Frankfurt"
"Hamburg","Hamburg"
"Munich","München"
"London_Ca","London"
"Windsor","Windsor"
"Winnipeg","Winnipeg"
"Calgary","Calgary"
"Ottawa","Ottawa"
"Quebec","Québec"
"Halifax","Halifax"
"Edmonton","Edmonton"
"Montreal","Montréal"
"Vancouver","Vancouver"
"Toronto","Toronto"
"Cranbourne","Casey City"
"Gold_Coast","Gold Coast"
"Canberra","Canberra"
"Newcastle","Newcastle"
"Adelaide","Adelaide"
"Brisbane","Brisbane"
"Perth","Perth"
"Melbourne","Melbourne"
"Sydney","Sydney"
"Bregenz","Bregenz"
"Eisenstadt","Eisenstadt"
"Wiener_Neustadt","Wiener Neustadt"
"Graz","Graz"
"Klagenfurt","Klagenfurt am Wörthersee"
"Linz","Linz"
"Salzburg","Salzburg"
"Innsbruck","Innsbruck"
"Jihlava","Iglau"
"Plzen","Pilsen"
"Otrokovice","Otrokowitz"
"Kudowa-Zdroj","Kudowa-Zdrój"
"Klingenthal","Klingenthal"
"Trinec","Trzynietz"
"Klasterec_nad_Ohri","Klösterle an der Eger"
"Pelhrimov","Pilgram"
"Chrudim","Chrudim"
"Pardubice","Pardubitz"
"Hradec_Kralove","Königgrätz"
"Havlickuv_Brod","Deutschbrod"
"Zdar_nad_Sazavou","Saar"
"Velke_Mezirici","Groß Meseritsch"
"Svitavy","Zwittau"
"Moravska_Trebova","Mährisch Trübau"
"Ceska_Trebova","Böhmisch Trübau"
"Usti_nad_Orlici","Wildenschwert"
"Vysoke_Myto","Hohenmaut"
"Trebic","Trebitsch"
"Nachod","Nachod"
"Jicin","Jitschin"
"Vrchlabi","Hohenelbe"
"Trutnov","Trautenau"
"Dvur_Kralove_nad_Labem","Königinhof an der Elbe"
"Rychnov_nad_Kneznou","Reichenau an der Knieschna"
"Turnov","Turnau"
"Liberec","Reichenberg"
"Jablonec_nad_Nisou","Gablonz an der Neiße"
"Ceska_Lipa","Böhmisch Leipa"
"Novy_Bor","Haida"
"Usti_nad_Labem","Aussig"
"Teplice","Teplitz"
"Bilina","Bilin"
"Most","Brüx"
"Litvinov","Leutensdorf"
"Zatec","Saaz"
"Louny","Laun"
"Kadan","Kaaden"
"Jirkov","Görkau"
"Chomutov","Komotau"
"Varnsdorf","Warnsdorf"
"Rumburk","Rumburg"
"Decin","Tetschen"
"Roudnice_nad_Labem","Raudnitz an der Elbe"
"Litomerice","Leitmeritz"
"Kromeriz","Kremsier"
"Holesov","Holleschau"
"Uhersky_Brod","Ungarisch Brod"
"Vsetin","Wsetin"
"Valasske_Mezirici","Walachisch Meseritsch"
"Roznov_pod_Radhostem","Rosenau unter dem Radhoscht"
"Zlin","Zlin"
"Marianske_Lazne","Marienbad"
"Cheb","Eger"
"As","Asch"
"Ostrov","Ostrau"
"Karlovy_Vary","Karlsbad"
"Sokolov","Falkenau"
"Chodov","Chodau"
"Ceske_Budejovice","Budweis"
"Cesky_Krumlov","Böhmisch Krumau"
"Jindrichuv_Hradec","Neuhaus"
"Pisek","Pisek"
"Prachatice","Prachatitz"
"Strakonice","Strakonitz"
"Tabor","Tabor"
"Jesenik","Freiwaldau"
"Sternberk","Sternberg"
"Unicov","Mährisch-Neustadt"
"Olomouc","Olmütz"
"Prostejov","Proßnitz in Mähren"
"Prerov","Prerau"
"Hranice","Mährisch Weißkirchen"
"Sumperk","Mährisch Schönberg"
"Zabreh","Hohenstadt"
"Domazlice","Taus"
"Susice","Schüttenhofen"
"Klatovy","Klattau"
"Rokycany","Rokitzan"
"Tachov","Tachau"
"Vlasim","Wlaschim"
"Benesov","Beneschau"
"Beroun","Beraun"
"Slany","Schlan"
"Kladno","Kladno"
"Kolin","Kolin"
"Kutna_Hora","Kuttenberg"
"Neratovice","Neratowitz"
"Melnik","Melnik"
"Kralupy_nad_Vltavou","Kralup an der Moldau"
"Mlada_Boleslav","Jungbunzlau"
"Podebrady","Podiebrad"
"Nymburk","Nimburg"
"Brandys_nad_Labem-Stara_Boleslav","Brandeis a.d. Elbe-Altbunzlau"
"Pribram","Pibrans"
"Rakovnik","Rakonitz"
"Krnov","Jägerndorf"
"Bruntal","Freudenthal"
"Frydek-Mistek","Friedeck-Mistek"
"Cesky_Tesin","Tschechisch-Teschen"
"Orlova","Orlau"
"Karvina","Karwin"
"Havirov","Hawirzow"
"Bohumin","Oderberg"
"Novy_Jicin","Neu Titschein"
"Koprivnice","Nesselsdorf"
"Frenstat_pod_Radhostem","Frankstadt unter dem Radhoscht"
"Opava","Troppau"
"Hlucin","Hultschin"
"Ostrava","Ostrau"
"Boskovice","Boskowitz"
"Blansko","Blanz"
"Brno","Brünn"
"Breclav","Lundenburg"
"Veseli_nad_Moravou","Wessely an der March"
"Hodonin","Göding"
"Kyjov","Gaya"
"Vyskov","Wischau"
"Znojmo","Znaim"
"Praha","Prag"
"Rejdice","Rejdice"
"Uherske_Hradiste","Ungarisch Hradisch"
"Hejnice","Hejnice"
"Angers","Angers"
"Clermont-Ferrand","Clermont-Ferrand"
"Melun","Melun"
"Saint-Etienne","Saint-Etienne"
"Grenoble","Grenoble"
"Caen","Caen"
"Nantes","Nantes"
"Toulon","Toulon"
"Montpellier","Montpellier"
"Nimes","Nimes"
"Dijon","Dijon"
"Tours","Tours"
"Orleans","Orleans"
"Rouen","Rouen"
"Reims","Reims"
"Mulhouse","Mülhousen"
"Nancy","Nancy"
"Metz","Metz"
"Rennes","Rennes"
"Nice","Nizza"
"Toulouse","Toulouse"
"Limoges","Limoges"
"Lille","Lille"
"Strasbourg","Straßburg"
"Bordeaux","Bordeaux"
"Marseille","Marseille"
"Le_Havre","La Havre"
"Lyon","Lyon"
"Modena","Modena"
"Reggio_di_Calabria","Reggio Calabria"
"Caserta","Caserta"
"Como","Como"
"Treviso","Treviso"
"Parma","Parma"
"Bologna","Bologna"
"Cagliari","Cagliari"
"Pisa","Pisa"
"Livorno","Livorno"
"Salerno","Salerno"
"Bari","Bari"
"Foggia","Foggia"
"Lecce","Lecce"
"Taranto","Tarent"
"Messina","Messina"
"Pescara","Pescara"
"Bergamo","Bergamo"
"Trieste","Triest"
"Verona","Verona"
"Turin","Turin"
"Genoa","Genua"
"Florence","Florencia"
"Catania","Catania"
"Venice","Venedig"
"Palermo","Palermo"
"Naples","Neapel"
"Milan","Mailand"
"Marbella","Marbella"
"Mataro","Mataró"
"Gijon","Gijón"
"Vitoria","Vitoria"
"Almeria","Almería"
"Malaga","Málaga"
"Albacete","Albacete"
"Santander","Santander"
"Salamanca","Salamanca"
"Burgos","Burgos"
"Cartagena","Cartagena"
"Oviedo","Oviedo"
"San_Sebastian","Donostia-San Sebastián"
"Alicante","Alicante"
"Castello","Castello"
"Cadiz","Cádiz"
"Granada","Granada"
"Murcia","Murcia"
"La_Coruna","A Coruña"
"Pamplona","Pamplona"
"Valladolid","Valladolid"
"Palma","Palma de Mallorca"
"Zaragoza","Saragossa"
"Cordoba","Córdoba"
"Vigo","Vigo"
"Bilbao","Bilbao"
"Seville","Sevilla"
"Valencia","Valentz"
"Barcelona","Barcelona"
"-99","Republik Zypern"
"tt","Trinidad und Tobago"
"vu","Vanuatu"
"Saaremaa","Saaremaa"
"Aland","Åland"
"Gotland","Gotland"
"Zealand","Seeland"
"Lofoten","Lofoten"
"Vesteralen","Vesterålen"
"Rhodes","Rhodos"
"Crete","Kreta"
"Malta","Malta"
"Menorca","Menorca"
"Mallorca","Mallorca"
"Ibiza","Ibiza"
"Lesbos","Lesbos"
"Kolguyev_I.","Kolgujew"
"Sardegna","Sardinien"
"Corse","Korsika"
"Sicilia","Sizilien"
"IRELAND","Island"
"GREAT_BRITAIN","Großbritannien"
"ICELAND","Island"
"Valletta","Valletta"
"Sunderland","Sunderland"
"Southampton","Southampton"
"Bristol","Bristol"
"Bournemouth","Bournemouth"
"Southend","Southend on Sea"
"Reading","Reading"
"Leicester","Leicester"
"Bradford","Bradford"
"Sheffield","Sheffield"
"Middlesbrough","Middlesbrough"
"Coventry","Coventry"
"Kingston_upon_Hull","Kingston upon Hull"
"Brighton","Brighton"
"Portsmouth","Portsmouth"
"Nottingham","Nottingham"
"Stoke","Stoke"
"Edinburgh","Edinburg"
"Liverpool","Liverpool"
"Cardiff","Cardiff"
"Leeds","Leeds"
"Manchester","Manchester"
"Belfast","Belfast"
"Glasgow","Glasgow"
"sk-bl","Bratislavaer, Pressburger"
"sk-bc","Neusohler"
"sk-zi","Silleiner"
"sk-ni","Neutraer"
"sk-tc","Trentschiner"
"sk-ta","Tyrnauer"
"sk-ki","Kachauer"
"sk-pv","Eperieser "
"Zvolen","Altsohl"
"Handlova","Krickerhau"
"Puchov","Puchau"
"Surany","Schuran"
"Galanta","Gallandau"
"Povazska_Bystrica","Waagbistritz"
"Martin","Martin"
"Kezmarok","Käsmark"
"Topolcany","Topoltschan"
"Banska_Stiavnica","Schennitz"
"Partizanske","Partizánske"
"Hlohovec","Freistadt"
"Levoca","Leutschau"
"Myjava","Miawa"
"Michalovce","Großmichel"
"Samorin","Sommerein"
"Humenne","Homenau"
"Sabinov","Zeben"
"Dubnica_nad_Vahom","Dubnitz an der Waag"
"Snina","Snina"
"Rimavska_Sobota","Großsteffelsdorf"
"Malacky","Malatzka"
"Dolny_Kubin","Unterkubin"
"Roznava","Rosenau"
"Kolarovo","Kolárovo"
"Zilina","Sillein"
"Kysucke_Nove_Mesto","Kischützeneustadt"
"Holic","Holitsch"
"Trencin","Trentschin"
"Spisska_Nova_Ves","Zipser Neuendorf"
"Trebisov","Trebischau"
"Revuca","Großrauschenbach"
"Banovce_nad_Bebravou","Banowitz"
"Stara_Lubovna","Altlublau"
"Zlate_Moravce","Goldmorawitz"
"Komarno","Komorn"
"Lucenec","Lizenz"
"Bardejov","Bartfeld"
"Skalica","Skalitz"
"Velky_Krtis","Veľký Krtíš"
"Piestany","Pistian"
"Sturovo","Gockern"
"Brezno","Bries"
"Presov","Preschau"
"Filakovo","Fileck"
"Stropkov","Stroppkau"
"Dunajska_Streda","Niedermarkt"
"Nove_Mesto_nad_Vahom","Neustadt an deer Waag"
"Cadca","Tschadsa"
"Pezinok","Bösing"
"Trnava","Tyrnau"
"Ruzomberok","Rosenberg"
"Liptovsky_Mikulas","Liptau-Sankt-Nikolaus"
"Banska_Bystrica","Neusohl"
"Nova_Dubnica","Neudubnitz"
"Senec","Wartberg"
"Detva","Gyetva"
"Prievidza","Priwitz"
"Nove_Zamky","Neuhäuse"
"Svidnik","Oberswidnik"
"Sered","Sered"
"Vranov_nad_Toplou","Vronau an der Töpl"
"Ziar_nad_Hronom","Heiligenkreuz an der Gran"
"Poprad","Deutschendorf"
"Nitra","Neutra"
"Levice","Lewenz"
"Bytca","Bitscha"
"Moldava_nad_Bodvou","Moldau an der Bodwa"
"Kosice","Kaschau"
"Sala","Schelle"
"Senica","Senitz"
"TIERRA_DEL_FUEGO","Feuerland"
"Nova_Scotia","Neuschottland"
"Vancouver_Island","Vancouver"
"VICTORIA_ISLAND","Victoria Island"
"LABRADOR","Labrador"
"ELLESMERE_ISLAND","Ellesmere Island"
"BAFFIN_ISLAND","Baffin Island"
"ISLAND_OF_NEWFOUNDLAND","Neufundland"
"SULAWESI","Sulavesi"
"JAVA","Java"
"MINDANAO","Mindanao"
"LUZON","Luzon"
"TAIWAN","Taiwan"
"KYUSHU","Kyushu"
"SHIKOKU","Shikoku"
"HOKKAIDO","Hokkaido"
"SAKHALIN","Sakhalin"
"SRI_LANKA","Ceylon"
"TASMANIA","Tasmanien"
"NEW_GUINEA","Neuguinea"
"BORNEO","Borneo"
"SUMATRA","Sumatra"
"HONSHU","Honshu"
"GREENLAND","Grönland"
"MADAGASCAR","Madagaskar"
"SOUTH_ISLAND","Südinsel (Neuseeland)"
"NORTH_ISLAND","Nordinsel (Neuseeland)"
"ETHIOPIAN_HIGHLANDS","Hochland von Äthiopien"
"ZAGROS_MOUNTAINS","Zagros"
"ALTAY_MOUNTAINS","Altai"
"GREATER_KHINGAN_RANGE","Großes Hinggan-Gebirge"
"STANOVOY_RANGE","Stanowoigebirge"
"CHAINE_ANNAMITIQUE","Truong-Son-Gebirge, Annamitische Kordillere"
"Siwalik_Hills","Siwaliks"
"PAMIRS","Pamir"
"HINDU_KUSH","Hindukusch"
"KARAKORAM_RA.","Karakorum"
"KUNLUN_MOUNTAINS","Kunlun Shan"
"ATLAS_MOUNTAINS","Atlas"
"APPALACHIAN_MTS.","Appalachen"
"BROOKS_RANGE","Brookskette"
"COAST_MOUNTAINS","Coast Mountains"
"CASCADE_RANGE","Kaskadenkette"
"ALASKA_RANGE","Alaskas Berge"
"GREAT_DIVIDING_RANGE","Australisches Bergland, Großes Australisches Scheidegebirge oder Australische Kordillere"
"TIAN_SHAN","Tian Shan"
"URAL_MOUNTAINS","Ural"
"HIMALAYAS","Himalaya"
"ANDES","Anden"
"ROCKY_MOUNTAINS","Rocky Mountains"
"Brahmaputra","Brahmaputra"
"Mekong","Mekong"
"Ob","Ob"
"Danube","Donau"
"Parana","Río Paraná"
"Congo","Kongo"
"Lena","Lena"
"Chang_(Yangtze)","Jangtsekiang"
"Nile","Nil"
"Amazon","Amazonas"
"Mississippi","Mississippi"
"Lake_Baikal","Baikalsee"
"Lake_Winnipeg","Winnipegsee"
"Great_Slave_Lake","Großer Sklavensee"
"L._Ontario","Ontariosee"
"L._Erie","Eriesee"
"Lake_Superior","Oberer See"
"Lake_Victoria","Victoriasee"
"Lake_Ladoga","Ladogasee"
"Balqash_Koli","Balchaschsee"
"Lake_Tanganyika","Tanganjikasee"
"Lake_Malawi","Malawisee"
"Aral_Sea","Aralsee"
"Vanern","Vänern"
"Lago_de_Nicaragua","Nicaraguasee"
"Lago_Titicaca","Titicacasee"
"Lake_Winnipegosis","Winnipegosissee"
"Lake_Onega","Onegasee"
"Great_Bear_Lake","Großer Bärensee"
"Reindeer_Lake","Reindeer Lake"
"Lake_Huron","Huronsee"
"Lake_Michigan","Michigansee"
"Tunis","Tunis"
"Baku","Baku"
"Hanoi","Hanoi"
"Ankara","Ankara"
"Sanaa","Sanaa"
"Damascus","Damaskus"
"Khartoum","Khartum"
"Pyongyang","Pjöngjang"
"Dar_es_Salaam","Daressalam"
"Havana","Havanna"
"Kuwait","Kuwait-Stadt"
"Santo_Domingo","Santo Domingo"
"Accra","Accra"
"Tripoli","Tripolis"
"Tel_Aviv-Yafo","Tel Aviv-Jaffa"
"Abidjan","Abidjan"
"Brasilia","Brasília"
"Dhaka","Dhaka"
"Luanda","Luanda"
"Algiers","Algier"
"Rangoon","Rangun"
"Caracas","Caracas"
"Tashkent","Taschkent"
"Bangkok","Bangkok"
"Lima","Lima"
"Dakar","Dakar"
"Johannesburg","Johannesburg"
"Casablanca","Casablanca"
"Seoul","Seoul"
"Manila","Manila"
"Monterrey","Monterrey"
"Urumqi","Ürümqi"
"Chengdu","Chengdu"
"Osaka","Ōsaka"
"Kinshasa","Kinshasa"
"Bangalore","Bangalore"
"Baghdad","Bagdad"
"Addis_Ababa","Addis Abeba"
"Tehran","Teheran"
"Buenos_Aires","Buenos Aires"
"Kabul","Kabul"
"Taipei","Taipeh"
"Istanbul","Istanbul"
"Riyadh","Riad"
"Cape_Town","Kapstadt"
"Mexico_City","Mexiko-Stadt"
"Lagos","Lagos"
"Beijing","Peking"
"Nairobi","Nairobi"
"Jakarta","Jakarta"
"Bogota","Bogotá"
"Cairo","Kairo"
"Shanghai","Shanghai"
"Tokyo","Tokio"
"Mumbai","Mumbai"
"Santiago","Santiago del Estero"
"Kolkata","Kalkutta"
"Rio_de_Janeiro","Rio de Janeiro"
"Sao_Paulo","São Paulo"
"Singapore","Singapur"
"Hong_Kong","Hongkong"
"Bir_Lehlou","Bir Lehlou"
"Moroni","Moroni"
"Kigali","Kigali"
"Mbabane","Mbabane"
"Juba","Juba"
"Dodoma","Dodoma"
"Laayoune","El Aaiún"
"Djibouti","Dschibuti"
"Banjul","Banjul"
"Porto-Novo","Porto-Novo"
"Bujumbura","Bujumbura"
"Lome","Lomé"
"Lusaka","Lusaka"
"Harare","Harare"
"Kampala","Kampala"
"Niamey","Niamey"
"Freetown","Freetown"
"Bloemfontein","Bloemfontein"
"Pretoria","Pretoria"
"Rabat","Rabat"
"Maputo","Maputo"
"Mogadishu","Mogadischu"
"Windhoek","Windhoek"
"Abuja","Abuja"
"Maseru","Maseru"
"Antananarivo","Antananarivo"
"Ndjamena","N’Djamena"
"Malabo","Malabo"
"Asmara","Asmara"
"Lilongwe","Lilongwe"
"Libreville","Libreville"
"Nouakchott","Nouakchott"
"Bamako","Bamako"
"Conakry","Conakry"
"Yamoussoukro","Yamoussoukro"
"Bangui","Bangui"
"Yaounde","Yaoundé"
"Gaborone","Gaborone"
"Ouagadougou","Ouagadougou"
"Hargeysa","Hargeysa"
"Sao_Tome","São Tomé"
"Monrovia","Monrovia"
"HAINAN","Hainan"
"TIMOR","Timor"
"Palawan","Palawan"
"Bohol","Bohol"
"Negros","Negros"
"Leyte","Leyte"
"Samar","Samar"
"Panay","Panay"
"Mindoro","Mindoro"
"Melekeok","Melekeok"
"Doha","Doha"
"Baguio_City","Baguio City"
"Putrajaya","Putrajaya"
"Manama","Manama"
"Abu_Dhabi","Abu Dhabi"
"Ashgabat","Aşgabat"
"Dili","Dili"
"Dushanbe","Duschanbe"
"Islamabad","Islamabad"
"Kathmandu","Kathmandu"
"Muscat","Maskat"
"Colombo","Colombo"
"Ulaanbaatar","Ulaanbaatar"
"Amman","Amman"
"Bishkek","Bischkek"
"Beirut","Beirut"
"Tbilisi","Tiflis"
"Astana","Astana"
"Vientiane","Vientiane"
"Bandar_Seri_Begawan","Bandar Seri Begawan"
"Yerevan","Jerewan"
"Phnom_Penh","Phnom Penh"
"Thimphu","Thimphu"
"Naypyidaw","Naypyidaw"
"Male","Malé"
"Jerusalem","Jerusalem"
"Nicosia","Nicosia"
"Kuala_Lumpur","Kuala Lumpur"
"Dubai","Dubai"
"New_Delhi","Neu-Delhi"
"Port-of-Spain","Port-of-Spain"
"Roseau","Roseau"
"Bridgetown","Bridgetown"
"Kingstown","Kingstown"
"Castries","Castries"
"Basseterre","Basseterre"
"Saint_George's","Saint George's"
"Saint_John's","Saint John's"
"Tegucigalpa","Teguacigalpa"
"Port-au-Prince","Port-au-Prince"
"Managua","Managua"
"Panama_City","Panama-Stadt"
"San_Salvador","San Salvador"
"Kingston","Kingston"
"Guatemala","Guatemala"
"Belmopan","Belmopan"
"Nassau","Nassau"
"Funafuti","Funafuti"
"Tarawa","Tarawa"
"Port-Vila","Port Vila"
"Port_Moresby","Port Moresby"
"Honiara","Honiara"
"Wellington","Wellington"
"Suva","Suwa"
"Auckland","Auckland"
"Montevideo","Montevideo"
"Georgetown","Georgetown"
"Paramaribo","Paramaribo"
"Asuncion","Asuncion"
"Quito","Quito"
"Sucre","Sucre"
"La_Paz","La Paz"
"Sumava","Böhmerwald"
"Krusne_hory","Erzgebirge"
"Ceske_Stredohori","Böhmisches Mittelgebirge"
"Krkonose","Riesengebirge"
"Jizerske_hory","Isergebirge"
"Orlicke_hory","Adlergebirge"
"Hruby_Jesenik","Altvatergebirge"
"Beskydy","Beskiden"
"Ceskomoravska_vrchovina","Böhmisch-Mährische Höhe"
"Bile_Karpaty","Weiße Karpaten"
"Cesky_les","Böhmischer Wald"
"Drahanska_vrchovina","Drahaner Bergland"
"Rychlebske_hory","Reichensteiner Gebirge"
"Nizky_Jesenik","Niederes Gesenke"
"Plzenska_pahorkatina","Pilsner Hügelland"
"Novohradske_hory","Gratzener Bergland"
"Chriby","Marsgebirge"
"Doupovske_hory","Duppauer Gebirge"
"Brdy","Bridy-Bergland"
"Jestedsko-kozakovsky_hrbet","Jeschken-Kosakow-Kamm"
"Luzicke_hory","Lausitzer Gebirge"
"Javorniky","Javorník-Gebirge"
"Stredoceska_pahorkatina","Mittelböhmisches Hügelland"
"Labe","Elbe"
"Vltava","Moldau"
"Ohre","Eger"
"Berounka","Beraun"
"Sazava","Sasau"
"Otava","Wottawa"
"Morava","March"
"Orlice","Adler"
"Odra","Oder"
"Ostravice","Ostrawitza"
"Dyje","Mühlfraun"
"Svratka","Schwarza"
"Svitava","Zwitta"
"Jizera","Iser"
"Uslava","Uslawa"
"Uhlava","Angel"
"Radbuza","Radbusa"
"Mze","Mies, Miesa"
"Becva","Betschwa"
"Daugava_(Zapadnaya_Dvina)","Düna"
"Dniester","Dnister"
"Drava","Drau"
"Duero","Duero"
"Ebro","Ebro"
"Elbe","Elbe"
"Garonne","Garonne"
"Loire","Loire"
"Oder","Oder"
"Po","Po"
"Seine","Seine"
"Svernaya_Dvina","Düna"
"Thames","Themse"
"Vistula","Weichsel"
"Vychegda","Wytschegda"
"Rhine","Rhein"
"Volga","Wolga"
"Don","Don"
"Dalalven","Dalälven"
"Kama","Kama"
"Tajo","Tajo"
"Tisa","Theiß"
"Dnepre","Dnepr"
"Rhone","Rhone"
"Glomma","Glomma"
"Kemijoki","Kemijoki"
"Sukhona","Suchona"
"Luznice","Luschnitz"
"Ganges","Ganges"
"Yenisey","Jenissei"
"Missouri","Missouri River"
"Yukon","Yukon River"
"Orinoco","Orinoco"
"Niger","Niger"
"Zambezi","Sambesi"
"Rio_Grande","Rio Grande"
"Mackenzie","Mackenzie River"
"Huang","Gelber Fluss"
"Darling","Darling River"
"Orange","Orange River"
"Tigris","Tigris"
"Amu_Darya","Amudarja"
"Euphrates","Euphrat"
"Indus","Indus"
"Amur","Amur"
"Murray","Murray River"
"St._Lawrence","Sankt-Lorenz-Strom"
"Syr_Darya","Syrdarja"
"Yangtze","Yangtze"
"Senegal","Senegal"
"Limpopo","Limpopo"
"Okawango","Okavango"
"Ubangi","Ubangi"
"Chari","Schari"
"Baja_California","Baja California"
"Baja_California_Sur","Baja California Sur"
"Coahuila","Coahuila"
"Chihuahua","Chihuahua"
"Durango","Durango"
"Sinaloa","Sinaloa"
"Sonora","Sonora"
"Zacatecas","Zacatecas"
"Nuevo_Leon","Nuevo León"
"San_Luis_Potosi","San Luis Potosí"
"Tamaulipas","Tamaulipas"
"Aguascalientes","Aguascalientes"
"Colima","Colima"
"Jalisco","Jalisco"
"Michoacan","Michoacán"
"Nayarit","Nayarit"
"Campeche","Campeche"
"Oaxaca","Oaxaca"
"Puebla","Puebla"
"Tabasco","Tabasco"
"Tlaxcala","Tlaxcala"
"Distrito_Federal","Distrito Federal"
"Guanajuato","Guanajuato"
"Guerrero","Guerrero"
"Hidalgo","Hidalgo"
"Mexico","México"
"Morelos","Morelos"
"Queretaro","Querétaro"
"Veracruz","Veracruz"
"Chiapas","Chiapas"
"Quintana_Roo","Quintana Roo"
"Yucatan","Yucatán"
"city-Gomez_Palacio","Gomez Palacio"
"city-Reynosa","Reynosa"
"city-Tlaxcala","Tlaxcala"
"city-Irapuato","Irapuato"
"city-Celaya","Celaya"
"city-Nezahualcoyotl","Nezahualcoyotl"
"city-Orizaba","Orizaba"
"city-Xalapa","Xalapa"
"city-Mazatlan","Mazatltn"
"city-Morelia","Morelia"
"city-Tepic","Tepic"
"city-Pachuca","Pachuca"
"city-Toluca","Toluca"
"city-Saltillo","Saltillo"
"city-Ciudad_Juarez","Ciudad Ju rez"
"city-Durango","Durango"
"city-Aguascalientes","Aguascalientes"
"city-Villahermosa","Villahermosa"
"city-Cuernavaca","Cuernavaca"
"city-Queretaro","Queretaro"
"city-Mexicali","Mexicali"
"city-Torreon","Torreon"
"city-Culiacan","Culiacan"
"city-Hermosillo","Hermosillo"
"city-San_Luis_Potosi","San Luis Potosi"
"city-Matamoros","Matamoros"
"city-Nuevo_Laredo","Nuevo Laredo"
"city-Oaxaca","Oaxaca"
"city-Leon","Leon"
"city-Tijuana","Tijuana"
"city-Chihuahua","Chihuahua"
"city-Tampico","Tampico"
"city-Acapulco","Acapulco"
"city-Veracruz","Veracruz"
"city-Tuxtla_Gutierrez","Tuxtla Gutierrez"
"city-Cancun","Cancun"
"city-Merida","Merida"
"city-Guadalajara","Guadalajara"
"city-Puebla","Puebla"
"city-Monterrey","Monterrey"
"city-Mexico_City","Mexico City"
"Santa_Cruz","Santa Cruz"
"Tierra_del_Fuego-state","Tierra del Fuego"
"San_Juan","San Juan"
"Chubut","Chubut"
"Mendoza","Mendoza"
"Neuquen","Neuquén"
"La_Pampa","La Pampa"
"Rio_Negro","Río Negro"
"San_Luis","San Luis"
"Catamarca","Catamarca"
"Jujuy","Jujuy"
"La_Rioja","La Rioja"
"Salta","Salta"
"Santiago_del_Estero","Santiago del Estero"
"Tucuman","Tucumán"
"Chaco","Chaco"
"Formosa","Formosa"
"Corrientes","Corrientes"
"Entre_Rios","Entre Ríos"
"Santa_Fe","Santa Fe"
"Misiones","Misiones"
"Ciudad_de_Buenos_Aires","Ciudad de Buenos Aires"
"city-Corrientes","Corrientes"
"city-La_Plata","La Plata"
"city-San_Luis","San Luis"
"city-San_Salvador_de_Jujuy","San Salvador de Jujuy"
"city-Santiago_del_Estero","Santiago del Estero"
"city-Resistencia","Resistencia"
"city-San_Juan","San Juan"
"city-Salta","Salta"
"city-San_Miguel_de_Tucuman","Tucum-n"
"city-Santa_Fe","Santa Fe"
"city-Rosario","Rosario"
"city-Mendoza","Mendoza"
"city-Mar_del_Plata","Mar del Plata"
"city-Cordoba","Cordoba"
"city-Posadas","Posadas"
"city-Buenos_Aires","Buenos Aires"
"Goias","Goiás"
"Pernambuco","Pernambuco"
"Acre","Acre"
"Amazonas","Amazonas"
"Maranhao","Maranhão"
"Para","Pará"
"Rondonia","Rondônia"
"Tocantins","Tocantins"
"Mato_Grosso_do_Sul","Mato Grosso do Sul"
"Minas_Gerais","Minas Gerais"
"Mato_Grosso","Mato Grosso"
"Rio_Grande_do_Sul","Rio Grande do Sul"
"Parana-state","Paraná"
"Santa_Catarina","Santa Catarina"
"Ceara","Ceará"
"Piaui","Piauí"
"Alagoas","Alagoas"
"Bahia","Bahia"
"Espirito_Santo","Espírito Santo"
"Paraiba","Paraíba"
"Rio_de_Janeiro-state","Rio de Janeiro"
"Rio_Grande_do_Norte","Rio Grande do Norte"
"Sergipe","Sergipe"
"Roraima","Roraima"
"Amapa","Amapá"
"Niteroi","Niteroi"
"Vitoria-Brazil","Vitoria"
"Vila_Velha","Vila Velha"
"Santos","Santos"
"Sao_Luis","Sdo Lu1s"
"Belo_Horizonte","Belo Horizonte"
"Maceio","Maceio"
"Natal","Natal"
"Campinas","Campinas"
"Manaus","Manaus"
"Florianopolis","Florianopolis"
"Belem","Belem"
"Porto_Alegre","Porto Alegre"
"Curitiba","Curitiba"
"Fortaleza","Fortaleza"
"Salvador","Salvador"
"Goiania","Goiania"
"Recife","Recife"
"gf","Französisch - Guayana"
"Kaspicke_more",""
"Azovske_more",""
"Cerne_more",""
"Bospor",""
"Dardanely",""
"Marmanske_more",""
"Egejske_more",""
"Jonske_more",""
"Tyrhenske_more",""
"Jaderske_more",""
"Stredozemni_more",""
"Lvi_zaliv",""
"Balearske_more",""
"Ligurske_more",""
"Gibraltarsky_pruliv",""
"Biskajsky_zaliv",""
"Lamanssky_pruliv",""
"Doverska_uzina",""
"Irske_more",""
"Severni_more",""
"Norske_more",""
"Barentsovo_more",""
"Bile_more",""
"Finsky_zaliv",""
"Botnicky_zaliv",""