"mx","Мексика"
"de","Германия"
"at","Австрия"
"ar","Аргентина"
"au","Австралия"
"sk","Словакия"
"gb","Великобритания"
"us","Соединенные Штаты Америки"
"br","Бразилия"
"es","Испания"
"cz","Чешская Республика"
"cn","Китай"
"fr","Франция"
"world","Мир"
"africa","Африка"
"samerica","Южная Америка"
"namerica","Северная Америка"
"europe","Европа"
"asia","Азия"
"oceania","Австралия и Океания"
"in","Индия"
"it","Италия"
"ca","Канада"
"se","Швеция"
"no","Норвегия"
"fi","Финляндия"
"us-al","Алабама"
"us-az","Аризона"
"us-ar","Арканзас"
"us-ca","Калифорния"
"us-co","Колорадо"
"us-ct","Коннектикут"
"us-de","Делавэр"
"us-fl","Флорида"
"us-ga","Джорджия"
"us-id","Айдахо"
"us-il","Иллинойс"
"us-in","Индиана"
"us-ia","Айова"
"us-ks","Канзас"
"us-ky","Кентукки"
"us-la","Луизиана"
"us-me","Мэн"
"us-md","Мэриленд"
"us-ma","Массачусетс"
"us-mi","Мичиган"
"us-mn","Миннесота"
"us-ms","Миссисипи"
"us-mo","Миссури"
"us-mt","Монтана"
"us-ne","Небраска"
"us-nv","Невада"
"us-nh","Нью-Гэмпшир"
"us-nj","Нью-Джерси"
"us-nm","Нью-Мексико"
"us-ny","Нью-Йорк"
"us-nc","Северная Каролина"
"us-nd","Северная Дакота"
"us-oh","Огайо"
"us-ok","Оклахома"
"us-or","Орегон"
"us-pa","Пенсильвания"
"us-ri","Род-Айленд"
"us-sc","Южная Каролина"
"us-sd","Южная Дакота"
"us-tn","Теннесси"
"us-tx","Техас"
"us-ut","Юта"
"us-vt","Вермонт"
"us-va","Виргиния"
"us-wa","Вашингтон"
"us-wv","Западная Виргиния"
"us-wi","Висконсин"
"us-wy","Вайоминг"
"al","Албания"
"af","Афганистан"
"dz","Алжир"
"ao","Ангола"
"ar","Аргентина"
"am","Армения"
"au","Австралия"
"az","Азербайджан"
"bs","Багамы"
"bd","Бангладеш"
"be","Бельгия"
"bz","Белиз"
"by","Белоруссия"
"bj","Бенин"
"bt","Бутан"
"bo","Боливия"
"ba","Босния и Герцеговина"
"bw","Ботсвана"
"br","Бразилия"
"bn","Бруней"
"bg","Болгария"
"bf","Буркина-Фасо"
"bi","Бурунди"
"td","Чад"
"me","Черногория"
"cz","Чешская Республика"
"cn","Китай"
"dk","Дания"
"cd","Демократическая Республика Конго"
"do","Доминиканская Республика"
"dj","Джибути"
"eg","Египет"
"ec","Эквадор"
"er","Эритрея"
"ee","Эстония"
"et","Эфиопия"
"fk","Фолклендские острова (Мальвинские острова)"
"fj","Фиджи"
"ph","Филиппины"
"fi","Финляндия"
"fr","Франция"
"tf","Французские Южные и Антарктические территории"
"ga","Габон"
"gm","Гамбия"
"gh","Гана"
"gl","Гренландия"
"ge","Грузия"
"gt","Гватемала"
"gn","Гвинея"
"gw","Гвинея-Бисау"
"gy","Гайана"
"ht","Гаити"
"hn","Гондурас"
"cl","Чили"
"hr","Хорватия"
"in","Индия"
"id","Индонезия"
"iq","Ирак"
"ir","Иран"
"ie","Ирландия"
"is","Исландия"
"it","Италия"
"il","Израиль"
"jm","Ямайка"
"jp","Япония"
"ye","Йемен"
"za","Южно-Африканская Республика"
"kr","Южная Корея"
"ss","Южный Судан"
"jo","Иордания"
"kh","Камбоджа"
"cm","Камерун"
"ca","Канада"
"qa","Катар"
"kz","Казахстан"
"ke","Кения"
"co","Колумбия"
"cg","Конго"
"cr","Коста-Рика"
"cu","Куба"
"kw","Кувейт"
"cy","Кипр"
"kg","Киргизия"
"la","Лаос"
"ls","Лесото"
"lb","Ливан"
"lr","Либерия"
"ly","Ливия"
"lt","Литва"
"lv","Латвия"
"lu","Люксембург"
"mg","Мадагаскар"
"hu","Венгрия"
"mk","Македония"
"my","Малайзия"
"mw","Малави"
"ml","Мали"
"ma","Марокко"
"mr","Мавритания"
"mx","Мексика"
"md","Молдавия"
"mn","Монголия"
"mz","Мозамбик"
"mm","Мьянма"
"na","Намибия"
"de","Германия"
"np","Непал"
"ne","Нигер"
"ng","Нигерия"
"ni","Никарагуа"
"nl","Нидерланды"
"no","Норвегия"
"nc","Новая Каледония"
"nz","Новая Зеландия"
"om","Оман"
"pk","Пакистан"
"ps","Палестинская национальная администрация"
"pa","Панама"
"pg","Папуа — Новая Гвинея"
"py","Парагвай"
"pe","Перу"
"ci","Кот-д’Ивуар"
"pl","Польша"
"pr","Пуэрто-Рико"
"pt","Португалия"
"at","Австрия"
"gq","Экваториальная Гвинея"
"ro","Румыния"
"ru","Россия"
"rw","Руанда"
"gr","Греция"
"sv","Сальвадор"
"sa","Саудовская Аравия"
"sn","Сенегал"
"kp","Северная Корея"
"sl","Сьерра-Леоне"
"sk","Словакия"
"si","Словения"
"so","Сомали"
"ae","Объединённые Арабские Эмираты"
"gb","Великобритания"
"us","Соединенные Штаты Америки"
"rs","Сербия"
"cf","Центральноафриканская Республика"
"sd","Судан"
"sr","Суринам"
"sz","Свазиленд"
"sy","Сирия"
"sb","Соломоновы Острова"
"es","Испания"
"lk","Шри-Ланка"
"se","Швеция"
"ch","Швейцария"
"tj","Таджикистан"
"tz","Танзания"
"th","Таиланд"
"tw","Тайвань"
"tg","Того"
"tn","Тунис"
"tr","Турция"
"tm","Туркмения"
"ug","Уганда"
"ua","Украина"
"uy","Уругвай"
"uz","Узбекистан"
"ve","Венесуэла"
"vn","Вьетнам"
"tl","Восточный Тимор"
"zm","Замбия"
"eh","Западная Сахара"
"zw","Зимбабве"
"world","Мир"
"africa","Африка"
"samerica","Южная Америка"
"namerica","Северная Америка"
"europe","Европа"
"asia","Азия"
"oceania","Австралия и Океания"
"xk","Косово"
"xs","Сомалиленд"
"cz-us","Устецкий"
"cz-pl","Пльзенский"
"cz-jm","Южноморавский"
"cz-zl","Злинский"
"cz-ol","Оломоуцкий"
"cz-pa","Пардубицкий"
"cz-ka","Карловарский"
"cz-jc","Южночешский"
"cz-vy","Высочина"
"cz-pr","Прага"
"cz-st","Среднечешский"
"cz-li","Либерецкий"
"cz-kr","Краловеградецкий"
"cz-mo","Моравскосилезский"
"de-nw","Северный Рейн-Вестфалия"
"de-bw","Баден-Вюртемберг"
"de-he","Гессен"
"de-hb","Бремен"
"de-ni","Нижняя Саксония"
"de-th","Тюрингия"
"de-hh","Гамбург"
"de-sh","Шлезвиг-Гольштейн"
"de-rp","Рейнланд-Пфальц"
"de-sl","Саар"
"de-by","Бавария"
"de-be","Берлин"
"de-st","Саксония-Анхальт"
"de-sn","Саксония"
"de-bb","Бранденбург"
"de-mv","Мекленбург-Передняя Померания"
"at-vo","Форарльберг"
"at-bu","Бургенланд"
"at-st","Штирия"
"at-ka","Каринтия"
"at-oo","Верхняя Австрия"
"at-sz","Зальцбург"
"at-tr","Тироль"
"at-no","Нижняя Австрия"
"at-wi","Вена"
"in-ch","Чхаттисгарх"
"in-dl","Дели"
"in-hp","Химачал-Прадеш"
"in-hr","Харьяна"
"in-jk","Джамму и Кашмир"
"in-ap","Андхра-Прадеш"
"in-kl","Керала"
"in-ld","Лакшадвип"
"in-or","Орисса"
"in-dn","Дадра и Нагар-Хавели"
"in-ka","Карнатака"
"in-mh","Махараштра"
"in-an","Андаманские и Никобарские острова"
"in-as","Ассам"
"in-mn","Манипур"
"in-nl","Нагаленд"
"in-ml","Мегхалая"
"in-pb","Пенджаб"
"in-rj","Раджастхан"
"in-up","Уттар-Прадеш"
"in-ut","Уттаракханд"
"in-jh","Джаркханд"
"in-wb","Западная Бенгалия"
"in-br","Бихар"
"in-sk","Сикким"
"in-ct","Чхаттисгарх"
"in-mp","Мадхья-Прадеш"
"in-py","Пондичерри"
"in-tn","Тамилнад"
"in-gj","Гуджарат"
"in-ga","Гоа"
"in-ar","Аруначал-Прадеш"
"in-mz","Мизорам"
"in-tr","Трипура"
"Daman and Diu","Даман и Диу"
"cn-62","Ганьсу"
"cn-63","Цинхай"
"cn-45","Куанг Си"
"cn-52","Гуйчжоу"
"cn-50","Чунцин"
"cn-11","Пекин"
"cn-35","Фуцзянь"
"cn-34","Аньхой"
"cn-44","Гуандун"
"cn-54","Тибетский автономный район"
"cn-65","Синьцзян-Уйгурский автономный район"
"cn-46","Хайнань"
"cn-64","Нинся"
"cn-61","Шэньси"
"cn-14","Шаньси"
"cn-42","Хубэй"
"cn-43","Хунань"
"cn-51","Сычуань"
"cn-53","Юньнань"
"cn-13","Хэбэй"
"cn-41","Хэнань"
"cn-21","Ляонин"
"cn-37","Шаньдун"
"cn-12","Тяньцзинь"
"cn-36","Цзянси"
"cn-32","Цзянсу"
"cn-31","Шанхай"
"cn-33","Чжэцзян"
"cn-22","Гирин"
"cn-15","Внутренняя Монголия"
"cn-23","Хэйлунцзян"
"San_Marino","Сан-Марино"
"Vaduz","Вадуц"
"Luxembourg","Люксембург"
"Monaco","Монако"
"Andorra","Андорра"
"Ljubljana","Любляна"
"Bratislava","Братислава"
"Podgorica","Подгорица"
"Bern","Берн"
"Pristina","Приштина"
"Skopje","Скопье"
"Reykjavik","Рейкьявик"
"Chisinau","Кишинёв"
"Vilnius","Вильнюс"
"Riga","Рига"
"Zagreb","Загреб"
"Tallinn","Таллин"
"Belgrade","Белград"
"Tirana","Тирана"
"Sofia","София"
"Minsk","Минск"
"Sarajevo","Сараево"
"Budapest","Будапешт"
"Bucharest","Бухарест"
"Lisbon","Лиссабон"
"Oslo","Осло"
"Warsaw","Варшава"
"Dublin","Дублин"
"Prague","Прага"
"Helsinki","Хельсинки"
"Kobenhavn","Копенгаген"
"Brussels","Брюссель"
"Kiev","Киев"
"Madrid","Мадрид"
"Geneva","Женева"
"Stockholm","Стокгольм"
"Amsterdam","Амстердам"
"Berlin","Берлин"
"Athens","Афины"
"Vienna","Вена"
"London","Лондон"
"Moscow","Москва"
"Rome","Рим"
"Paris","Париж"
"it-65","Абруццо"
"it-75","Апулия"
"it-77","Базиликата"
"it-78","Калабрия"
"it-72","Кампания"
"it-45","Эмилия-Романья"
"it-36","Фриули — Венеция-Джулия"
"it-62","Лацио"
"it-42","Лигурия"
"it-25","Ломбардия"
"it-57","Марке"
"it-67","Молизе"
"it-21","Пьемонт"
"it-88","Сардиния"
"it-82","Сицилия"
"it-52","Тоскана"
"it-32","Трентино — Альто-Адидже"
"it-55","Умбрия"
"it-23","Валле-д’Аоста"
"it-34","Венеция"
"fr-a","Эльзас"
"fr-b","Аквитания"
"fr-c","Овернь"
"fr-p","Нижняя Нормандия"
"fr-d","Бургундия"
"fr-e","Бретань"
"fr-f","Центр — Долина Луары"
"fr-g","Шампань — Арденны"
"fr-h","Корсика"
"fr-i","Франш-Конте"
"fr-q","Верхняя Нормандия"
"fr-j","Иль-де-Франс"
"fr-k","Лангедок-Руссильон"
"fr-l","Лимузен"
"fr-m","Лотарингия"
"fr-n","Юг-Пиренеи"
"fr-o","Нор — Па-де-Кале"
"fr-r","Пеи-де-ла-Луар"
"fr-s","Пикардия"
"fr-t","Пуату — Шаранта"
"fr-u","Прованс — Альпы — Лазурный Берег"
"fr-v","Рона — Альпы"
"es-an","Андалусия"
"es-ar","Арагон"
"es-cb","Кантабрия"
"es-cl","Кастилия-Леон"
"es-cm","Кастилия-Ла-Манча"
"es-ct","Каталония"
"es-md","Мадрид"
"es-na","Наварра"
"es-vc","Валенсия"
"es-ex","Эстремадура"
"es-ga","Галисия"
"es-pm","Балеарские острова"
"es-lo","Риоха"
"es-pv","Баскония"
"es-as","Астурия"
"es-mu","Мурсия"
"ca-mb","Манитоба"
"ca-sk","Саскачеван"
"ca-ab","Альберта"
"ca-bc","Британская Колумбия"
"ca-nu","Нунавут"
"ca-nt","Северо-Западные территории"
"ca-yt","Юкон"
"ca-on","Онтарио"
"ca-qc","Квебек"
"ca-nb","Нью-Брансуик"
"ca-ns","Новая Шотландия"
"ca-nl","Ньюфаундленд и Лабрадор"
"ca-pe","Остров Принца Эдуарда"
"au-nt","Северная территория"
"au-wa","Западная Австралия"
"au-ct","Австралийская столичная территория"
"au-ns","Новый Южный Уэльс"
"au-sa","Южная Австралия"
"au-vi","Виктория"
"au-ql","Квинсленд"
"au-ts","Тасмания"
"Hardanger-vidda","Хардангервидда"
"Bohmerwald","Шумава"
"Transylvanian_Alps","Южные Карпаты"
"Tatra_Mts.","Татры"
"Pindus_Mts.","Пинд"
"Calabria","Калабрия"
"Harz","Гарц"
"Vosges","Вогезы"
"Sudetes_Mts.","Судеты"
"Erzgebirge","Рудные горы"
"Ardennes","Арденны"
"Jura","Юра"
"Grampian_Mts.","Грампианские горы"
"Cambrian_Mts.","Кембрийские горы"
"Balkan_Mts.","Стара-Планина"
"Dinaric_Alps","Динарское нагорье"
"Cord._Cantabrica","Кантабрийские горы"
"S._Nevada","Сьерра-Невада"
"Sierra_Morena","Сьерра-Морена"
"KJLEN_MOUNTAINS","Скандинавские горы"
"CARPATHIAN_MOUNTAINS","Карпаты"
"APPENNINI","Апеннины"
"PYRENEES","Пиренеи"
"ALPS","Альпы"
"CAUCASUS_MTS.","Кавказ"
"Mesa","Меса"
"San_Mateo","Сан-Матео"
"Aurora","Орора"
"Kansas_City","Канзас-Сити"
"Pasadena","Пасадина"
"Grand_Prairie","Арлингтон"
"Stamford","Стамфорд"
"Joliet","Джолиет"
"Stockton","Стоктон"
"Oceanside","Оушенсайд"
"Irvine","Ирвайн"
"New_Haven","Нью-Хейвен"
"Lowell","Лоуэлл"
"Fort_Lauderdale","Форт-Лодердейл"
"Gary","Гэри"
"Covington","Ковингтон"
"Akron","Акрон"
"Grand_Rapids","Гранд-Рапидс"
"Tacoma","Такома"
"Long_Beach","Лонг-Бич"
"Hartford","Хартфорд"
"Providence","Провиденс"
"Birmingham","Бирмингем"
"St._Petersburg","Санкт-Петербург"
"Dayton","Дейтон"
"Virginia_Beach","Верджиния-Бич"
"Oakland","Окленд"
"West_Palm_Beach","Палм-Бич"
"Sarasota","Сарасота"
"Louisville","Луисвилл"
"Charlotte","Шарлотт"
"Columbus","Колумбус"
"Albany","Олбани"
"Harrisburg","Гаррисберг"
"San_Bernardino","Сан-Бернардино"
"Bridgeport","Бриджпорт"
"Rochester","Рочестер"
"Tucson","Тусон"
"Fresno","Фресно"
"Albuquerque","Альбукерке"
"Tulsa","Талса"
"Ft._Worth","Форт-Уэрт"
"Austin","Остин"
"El_Paso","Эль-Пасо"
"Orlando","Орландо"
"Jacksonville","Джэксонвилл"
"Indianapolis","Индианаполис"
"Knoxville","Ноксвилл"
"Richmond","Ричмонд"
"Baltimore","Балтимор"
"Syracuse","Сиракьюс"
"San_Jose","Сан-Хосе"
"Sacramento","Сакраменто"
"Las_Vegas","Лас-Вегас"
"Portland","Портленд"
"Salt_Lake_City","Солт-Лейк-Сити"
"Omaha","Омаха"
"Oklahoma_City","Оклахома-Сити"
"San_Antonio","Сан-Антонио"
"Raleigh","Роли "
"Cleveland","Кливленд"
"Cincinnati","Цинциннати"
"Nashville","Нашвилл"
"Memphis","Мемфис"
"Norfolk","Норфолк"
"Milwaukee","Милуоки"
"Buffalo","Буффало"
"Pittsburgh","Питтсбург "
"Minneapolis","Миннеаполис"
"Seattle","Сиэтл"
"Phoenix","Финикс"
"San_Diego","Сан-Диего"
"St._Louis","Сент-Луис"
"New_Orleans","Новый Орлеан"
"Dallas","Даллас"
"Boston","Бостон"
"Tampa","Тампа"
"Philadelphia","Филадельфия"
"Detroit","Детройт"
"San_Francisco","Сан-Франциско"
"Denver","Денвер"
"Houston","Хьюстон"
"Miami","Майами"
"Atlanta","Атланта"
"Chicago","Чикаго"
"Los_Angeles","Лос-Анджелес"
"Washington,_D.C.","Вашингтон"
"New_York","Нью-Йорк"
"Bielefeld","Билефельд"
"Dortmund","Дортмунд"
"Duisburg","Дуйсбург"
"Wuppertal","Вупперталь"
"Essen","Эссен"
"Karlsruhe","Карлсруэ"
"Heidelberg","Гейдельберг"
"Augsburg","Аугсбург"
"Chemnitz","Хемниц"
"Bonn","Бонн"
"Dusseldorf","Дюссельдорф"
"Mannheim","Мангейм"
"Wiesbaden","Висбаден"
"Hannover","Ганновер"
"Koblenz","Кобленц"
"Saarbrucken","Саарбрюккен"
"Leipzig","Лейпциг"
"Stuttgart","Штутгарт"
"Bremen","Бремен"
"Nurnberg","Нюрнберг"
"Cologne","Кёльн"
"Dresden","Дрезден"
"Frankfurt","Франкфурт"
"Hamburg","Гамбург"
"Munich","Мюнхен"
"London_Ca","Лондон"
"Windsor","Виндзор"
"Winnipeg","Виннипег"
"Calgary","Калгари"
"Ottawa","Оттава"
"Quebec","Квебек"
"Halifax","Галифакс "
"Edmonton","Эдмонтон"
"Montreal","Монреаль"
"Vancouver","Ванкувер"
"Toronto","Торонто"
"Cranbourne","Крэнбурн"
"Gold_Coast","Голд-Кост"
"Canberra","Канберра"
"Newcastle","Ньюкасл"
"Adelaide","Аделаида"
"Brisbane","Брисбен"
"Perth","Перт"
"Melbourne","Мельбурн"
"Sydney","Сидней"
"Bregenz","Брегенц"
"Eisenstadt","Айзенштадт"
"Wiener_Neustadt","Винер-Нойштадт"
"Graz","Грац"
"Klagenfurt","Клагенфурт-ам-Вёртерзе"
"Linz","Линц"
"Salzburg","Зальцбург"
"Innsbruck","Инсбрук"
"Jihlava","Йиглава"
"Plzen","Пльзень"
"Otrokovice","Отроковице"
"Kudowa-Zdroj","Кудова-Здруй"
"Klingenthal","Клингенталь"
"Trinec","Тршинец"
"Klasterec_nad_Ohri","Клаштерец-над-Огржи"
"Pelhrimov","Пельгржимов"
"Chrudim","Хрудим"
"Pardubice","Пардубице"
"Hradec_Kralove","Градец-Кралове"
"Havlickuv_Brod","Гавличкув-Брод"
"Zdar_nad_Sazavou","Ждяр-над-Сазавоу"
"Velke_Mezirici","Вельке-Мезиржичи"
"Svitavy","Свитави"
"Moravska_Trebova","Моравска-Тршебова"
"Ceska_Trebova","Ческа-Тршебова"
"Usti_nad_Orlici","Усти-над-Орлици"
"Vysoke_Myto","Високе-Мито"
"Trebic","Тршебич"
"Nachod","Наход"
"Jicin","Jičín"
"Vrchlabi","Врхлаби"
"Trutnov","Трутнов"
"Dvur_Kralove_nad_Labem","Двур-Кралове-над-Лабем"
"Rychnov_nad_Kneznou","Рихнов-над-Кнежноу"
"Turnov","Турнов"
"Liberec","Либерец"
"Jablonec_nad_Nisou","Яблонец-над-Нисоу"
"Ceska_Lipa","Ческа-Липа"
"Novy_Bor","Нови-Бор"
"Usti_nad_Labem","Усти-над-Лабем"
"Teplice","Теплице"
"Bilina","Билина"
"Most","Мост"
"Litvinov","Литвинов"
"Zatec","Жатец"
"Louny","Лоуни"
"Kadan","Кадань"
"Jirkov","Йирков"
"Chomutov","Хомутов"
"Varnsdorf","Варнсдорф"
"Rumburk","Румбурк"
"Decin","Дечин"
"Roudnice_nad_Labem","Роуднице-над-Лабем"
"Litomerice","Литомержице"
"Kromeriz","Кромержиж"
"Holesov","Холешов"
"Uhersky_Brod","Угерски-Брод"
"Vsetin","Всетин"
"Valasske_Mezirici","Валашске-Мезиржичи"
"Roznov_pod_Radhostem","Рожнов под Радхоштем"
"Zlin","Злин"
"Marianske_Lazne","Марианске-Лазне"
"Cheb","Хеб"
"As","Аш"
"Ostrov","Остров"
"Karlovy_Vary","Карловы Вары"
"Sokolov","Соколов"
"Chodov","Ходов"
"Ceske_Budejovice","Ческе-Будеёвице"
"Cesky_Krumlov","Чески-Крумлов"
"Jindrichuv_Hradec","Йиндржихув-Градец"
"Pisek","Писек"
"Prachatice","Прахатице"
"Strakonice","Страконице"
"Tabor","Табор"
"Jesenik","Есеник"
"Sternberk","Штернберк"
"Unicov","Уничов"
"Olomouc","Оломоуц"
"Prostejov","Простеёв"
"Prerov","Пршеров"
"Hranice","Границе"
"Sumperk","Шумперк"
"Zabreh","Забржег"
"Domazlice","Домажлице"
"Susice","Сушице"
"Klatovy","Клатови"
"Rokycany","Рокицани"
"Tachov","Тахов"
"Vlasim","Влашим"
"Benesov","Бенешов"
"Beroun","Бероун"
"Slany","Слани"
"Kladno","Кладно"
"Kolin","Колин"
"Kutna_Hora","Кутна-Гора"
"Neratovice","Нератовице"
"Melnik","Мельник"
"Kralupy_nad_Vltavou","Кралупи-над-Влтавоу"
"Mlada_Boleslav","Млада-Болеслав"
"Podebrady","Подебрады"
"Nymburk","Нимбурк"
"Brandys_nad_Labem-Stara_Boleslav","Брандис-над-Лабем-Стара-Болеслав"
"Pribram","Пршибрам"
"Rakovnik","Раковник"
"Krnov","Крнов"
"Bruntal","Брунталь"
"Frydek-Mistek","Фридек-Мистек"
"Cesky_Tesin","Чески-Тешин"
"Orlova","Орлова"
"Karvina","Карвина"
"Havirov","Гавиржов"
"Bohumin","Богумин"
"Novy_Jicin","Нови-Йичин"
"Koprivnice","Копршивнице"
"Frenstat_pod_Radhostem","Френштат под Радхоштем"
"Opava","Опава"
"Hlucin","Глучин"
"Ostrava","Острава"
"Boskovice","Босковице"
"Blansko","Бланско"
"Brno","Брно"
"Breclav","Бржецлав"
"Veseli_nad_Moravou","Весели-над-Моравой"
"Hodonin","Годонин"
"Kyjov","Кийов"
"Vyskov","Вишков"
"Znojmo","Зноймо"
"Praha","Прага"
"Rejdice","Рейдице"
"Uherske_Hradiste","Угерске-Градиште"
"Hejnice","Гейнице"
"Angers","Анже"
"Clermont-Ferrand","Клермон-Ферран"
"Melun","Мелён"
"Saint-Etienne","Сент-Этьен"
"Grenoble","Гренобль"
"Caen","Кан"
"Nantes","Нант"
"Toulon","Тулон"
"Montpellier","Монпелье"
"Nimes","Ним"
"Dijon","Дижон"
"Tours","Тур"
"Orleans","Орлеан"
"Rouen","Руан"
"Reims","Реймс"
"Mulhouse","Мюлуз"
"Nancy","Нанси"
"Metz","Мец"
"Rennes","Ренн"
"Nice","Ницца"
"Toulouse","Тулуза"
"Limoges","Лимож"
"Lille","Лилль"
"Strasbourg","Страсбург"
"Bordeaux","Бордо"
"Marseille","Марсель"
"Le_Havre","Гавр"
"Lyon","Лион"
"Modena","Модена"
"Reggio_di_Calabria","Реджо-ди-Калабрия"
"Caserta","Казерта"
"Como","Комо"
"Treviso","Тревизо"
"Parma","Парма"
"Bologna","Болонья"
"Cagliari","Кальяри"
"Pisa","Пиза"
"Livorno","Ливорно"
"Salerno","Салерно"
"Bari","Бари"
"Foggia","Фоджа"
"Lecce","Лечче"
"Taranto","Таранто"
"Messina","Мессина"
"Pescara","Пескара"
"Bergamo","Бергамо"
"Trieste","Триест"
"Verona","Верона"
"Turin","Турин"
"Genoa","Генуя"
"Florence","Флоренция"
"Catania","Катания"
"Venice","Венеция"
"Palermo","Палермо"
"Naples","Неаполь"
"Milan","Милан"
"Marbella","Марбелья"
"Mataro","Матаро"
"Gijon","Хихон"
"Vitoria","Витория"
"Almeria","Альмерия"
"Malaga","Малага"
"Albacete","Альбасете"
"Santander","Сантандер"
"Salamanca","Саламанка"
"Burgos","Бургос"
"Cartagena","Картахена"
"Oviedo","Овьедо"
"San_Sebastian","Доностия-Сан-Себастьян"
"Alicante","Аликанте"
"Castello","Кастелло"
"Cadiz","Кадис"
"Granada","Гранада"
"Murcia","Мурсия"
"La_Coruna","Ла-Корунья"
"Pamplona","Памплона"
"Valladolid","Вальядолид"
"Palma","Пальма"
"Zaragoza","Сарагоса"
"Cordoba","Кордова"
"Vigo","Виго"
"Bilbao","Бильбао"
"Seville","Севилья"
"Valencia","Валенсия"
"Barcelona","Барселона"
"-99","Турецкая Республика Северного Кипра"
"tt","Тринидад и Тобаго"
"vu","Вануату"
"Saaremaa","Сааремаа"
"Aland","Аландские острова"
"Gotland","Готланд"
"Zealand","Зеландия"
"Lofoten","Лофотенские острова"
"Vesteralen","Вестеролен"
"Rhodes","Родос"
"Crete","Крит"
"Malta","Мальта"
"Menorca","Менорка"
"Mallorca","Мальорка"
"Ibiza","Ивиса"
"Lesbos","Лесбос"
"Kolguyev_I.","Колгуев"
"Sardegna","Сардиния"
"Corse","Корсика"
"Sicilia","Сицилия"
"IRELAND","Ирландия"
"GREAT_BRITAIN","Великобритания"
"ICELAND","Исландия"
"Valletta","Валлетта"
"Sunderland","Сандерленд"
"Southampton","Саутгемптон"
"Bristol","Бристоль"
"Bournemouth","Борнмут"
"Southend","Саутенд-он-Си"
"Reading","Рединг"
"Leicester","Лестер"
"Bradford","Брадфорд"
"Sheffield","Шеффилд"
"Middlesbrough","Мидлсбро"
"Coventry","Ковентри"
"Kingston_upon_Hull","Кингстон-апон-Халл"
"Brighton","Брайтон"
"Portsmouth","Портсмут"
"Nottingham","Ноттингем"
"Stoke","Сток-он-Трент"
"Edinburgh","Эдинбург"
"Liverpool","Ливерпуль"
"Cardiff","Кардифф"
"Leeds","Лидс"
"Manchester","Манчестер"
"Belfast","Белфаст"
"Glasgow","Глазго"
"sk-bl","Братиславский"
"sk-bc","Банскобистрицкий"
"sk-zi","Жилинский"
"sk-ni","Нитрьянский"
"sk-tc","Тренчьянский"
"sk-ta","Трнавский"
"sk-ki","Кошицкий"
"sk-pv","Прешовский"
"Zvolen","Зволен"
"Handlova","Гандлова"
"Puchov","Пухов"
"Surany","Шурани"
"Galanta","Галанта"
"Povazska_Bystrica","Поважска-Бистрица"
"Martin","Мартин"
"Kezmarok","Кежмарок"
"Topolcany","Топольчани"
"Banska_Stiavnica","Банска-Штьявница"
"Partizanske","Партизанске"
"Hlohovec","Глоговец"
"Levoca","Левоча"
"Myjava","Миява"
"Michalovce","Михаловце"
"Samorin","Шаморин"
"Humenne","Гуменне"
"Sabinov","Сабинов"
"Dubnica_nad_Vahom","Дубница-над-Вагом"
"Snina","Снина"
"Rimavska_Sobota","Римавска-Собота"
"Malacky","Малацки"
"Dolny_Kubin","Дольни-Кубин"
"Roznava","Рожнява"
"Kolarovo","Коларово"
"Zilina","Жилина"
"Kysucke_Nove_Mesto","Кисуцке-Нове-Место"
"Holic","Голич"
"Trencin","Тренчин"
"Spisska_Nova_Ves","Спишска-Нова-Вес"
"Trebisov","Требишов"
"Revuca","Ревуца"
"Banovce_nad_Bebravou","Бановце-над-Бебравоу"
"Stara_Lubovna","Стара-Любовня"
"Zlate_Moravce","Злате-Моравце"
"Komarno","Комарно"
"Lucenec","Лученец"
"Bardejov","Бардеёв"
"Skalica","Скалица"
"Velky_Krtis","Вельки-Кртиш"
"Piestany","Пьештяни"
"Sturovo","Штурово"
"Brezno","Брезно"
"Presov","Прешов"
"Filakovo","Филяково"
"Stropkov","Стропков"
"Dunajska_Streda","Дунайска-Стреда"
"Nove_Mesto_nad_Vahom","Нове-Место-над-Вагом"
"Cadca","Чадца"
"Pezinok","Пезинок"
"Trnava","Трнава"
"Ruzomberok","Ружомберок"
"Liptovsky_Mikulas","Липтовски-Микулаш"
"Banska_Bystrica","Банска-Бистрица"
"Nova_Dubnica","Нова-Дубница"
"Senec","Сенец"
"Detva","Детва"
"Prievidza","Прьевидза"
"Nove_Zamky","Нове-Замки"
"Svidnik","Свидник"
"Sered","Середь"
"Vranov_nad_Toplou","Вранов-над-Топлёу"
"Ziar_nad_Hronom","Жьяр-над-Гроном"
"Poprad","Попрад"
"Nitra","Нитра"
"Levice","Левице"
"Bytca","Битча"
"Moldava_nad_Bodvou","Молдава-над-Бодвоу"
"Kosice","Кошице"
"Sala","Шаля"
"Senica","Сеница"
"TIERRA_DEL_FUEGO","Огненная Земля"
"Nova_Scotia","Новая Шотландия"
"Vancouver_Island","Ванкувер"
"VICTORIA_ISLAND","Виктория"
"LABRADOR","Лабрадор"
"ELLESMERE_ISLAND","Элсмир"
"BAFFIN_ISLAND","Баффинова Земля"
"ISLAND_OF_NEWFOUNDLAND","Ньюфаундленд"
"SULAWESI","Сулавеси"
"JAVA","Ява"
"MINDANAO","Минданао"
"LUZON","Лусон"
"TAIWAN","Тайвань"
"KYUSHU","Кюсю"
"SHIKOKU","Сикоку"
"HOKKAIDO","Хоккайдо"
"SAKHALIN","Сахалин"
"SRI_LANKA","Цейлон"
"TASMANIA","Тасмания"
"NEW_GUINEA","Новая Гвинея"
"BORNEO","Борнео"
"SUMATRA","Суматра"
"HONSHU","Хонсю"
"GREENLAND","Гренландия"
"MADAGASCAR","Мадагаскар"
"SOUTH_ISLAND","Южный остров (Новая Зеландия)"
"NORTH_ISLAND","Северный остров (Новая Зеландия)"
"ETHIOPIAN_HIGHLANDS","Эфиопское нагорье"
"ZAGROS_MOUNTAINS","Загрос"
"ALTAY_MOUNTAINS","Алтай"
"GREATER_KHINGAN_RANGE","Большой Хинган"
"STANOVOY_RANGE","Становой хребет"
"CHAINE_ANNAMITIQUE","Аннамский хребет"
"Siwalik_Hills","Сивалик"
"PAMIRS","Памир"
"HINDU_KUSH","Гиндукуш"
"KARAKORAM_RA.","Каракорум"
"KUNLUN_MOUNTAINS","Куньлунь"
"ATLAS_MOUNTAINS","Атлас"
"APPALACHIAN_MTS.","Аппалачи"
"BROOKS_RANGE","Брукс"
"COAST_MOUNTAINS","Береговой хребет"
"CASCADE_RANGE","Каскадные горы"
"ALASKA_RANGE","Аляскинский хребет"
"GREAT_DIVIDING_RANGE","Большой Водораздельный хребет"
"TIAN_SHAN","Тянь-Шань"
"URAL_MOUNTAINS","Урал"
"HIMALAYAS","Гималаи"
"ANDES","Анды"
"ROCKY_MOUNTAINS","Скалистые горы"
"Brahmaputra","Брахмапутра"
"Mekong","Меконг"
"Ob","Обь"
"Danube","Дунай"
"Parana","Парана"
"Congo","Конго"
"Lena","Лена"
"Chang_(Yangtze)","Янцзы"
"Nile","Нил"
"Amazon","Амазонка"
"Mississippi","Миссисипи"
"Lake_Baikal","Байкал"
"Lake_Winnipeg","Виннипег"
"Great_Slave_Lake","Большое Невольничье озеро"
"L._Ontario","Онтарио"
"L._Erie","Эри"
"Lake_Superior","Верхнее"
"Lake_Victoria","Виктория"
"Lake_Ladoga","Ладожское озеро"
"Balqash_Koli","Балхаш"
"Lake_Tanganyika","Танганьика"
"Lake_Malawi","Малави"
"Aral_Sea","Аральское море"
"Vanern","Венерн"
"Lago_de_Nicaragua","Никарагуа"
"Lago_Titicaca","Титикака"
"Lake_Winnipegosis","Виннипегосис"
"Lake_Onega","Онежское озеро"
"Great_Bear_Lake","Большое Медвежье озеро"
"Reindeer_Lake","Оленье озеро"
"Lake_Huron","Гурон"
"Lake_Michigan","Мичиган"
"Tunis","Тунис"
"Baku","Баку"
"Hanoi","Ханой"
"Ankara","Анкара"
"Sanaa","Сана"
"Damascus","Дамаск"
"Khartoum","Хартум"
"Pyongyang","Пхеньян"
"Dar_es_Salaam","Дар-эс-Салам"
"Havana","Гавана"
"Kuwait","Кувейт"
"Santo_Domingo","Санто-Доминго"
"Accra","Аккра"
"Tripoli","Триполи"
"Tel_Aviv-Yafo","Тель-Авив"
"Abidjan","Абиджан"
"Brasilia","Бразилиа"
"Dhaka","Дакка"
"Luanda","Луанда"
"Algiers","Алжир"
"Rangoon","Янгон"
"Caracas","Каракас"
"Tashkent","Ташкент"
"Bangkok","Бангкок"
"Lima","Лима"
"Dakar","Дакар"
"Johannesburg","Йоханнесбург"
"Casablanca","Касабланка"
"Seoul","Сеул"
"Manila","Манила"
"Monterrey","Монтеррей"
"Urumqi","Урумчи"
"Chengdu","Чэнду"
"Osaka","Осака"
"Kinshasa","Киншаса"
"Bangalore","Бангалор"
"Baghdad","Багдад"
"Addis_Ababa","Аддис-Абеба"
"Tehran","Тегеран"
"Buenos_Aires","Буэнос-Айрес"
"Kabul","Кабул"
"Taipei","Тайбэй"
"Istanbul","Стамбул"
"Riyadh","Эр-Рияд"
"Cape_Town","Кейптаун"
"Mexico_City","Мехико"
"Lagos","Лагос"
"Beijing","Пекин"
"Nairobi","Найроби"
"Jakarta","Джакарта"
"Bogota","Богота"
"Cairo","Каир"
"Shanghai","Шанхай"
"Tokyo","Токио"
"Mumbai","Мумбаи"
"Santiago","Сантьяго"
"Kolkata","Калькутта"
"Rio_de_Janeiro","Рио-де-Жанейро"
"Sao_Paulo","Сан-Паулу"
"Singapore","Сингапур"
"Hong_Kong","Гонконг"
"Bir_Lehlou","Бир-Лелу"
"Moroni","Морони"
"Kigali","Кигали"
"Mbabane","Мбабане"
"Juba","Джуба"
"Dodoma","Додома"
"Laayoune","Эль-Аюн"
"Djibouti","Джибути"
"Banjul","Банжул"
"Porto-Novo","Порто-Ново"
"Bujumbura","Бужумбура"
"Lome","Ломе"
"Lusaka","Лусака"
"Harare","Хараре"
"Kampala","Кампала"
"Niamey","Ниамей"
"Freetown","Фритаун"
"Bloemfontein","Блумфонтейн"
"Pretoria","Претория"
"Rabat","Рабат"
"Maputo","Мапуту"
"Mogadishu","Могадишо"
"Windhoek","Виндхук"
"Abuja","Абуджа"
"Maseru","Масеру"
"Antananarivo","Антананариву"
"Ndjamena","Нджамена"
"Malabo","Малабо"
"Asmara","Асмэра"
"Lilongwe","Лилонгве"
"Libreville","Либревиль"
"Nouakchott","Нуакшот"
"Bamako","Бамако"
"Conakry","Конакри"
"Yamoussoukro","Ямусукро"
"Bangui","Банги"
"Yaounde","Яунде"
"Gaborone","Габороне"
"Ouagadougou","Уагадугу"
"Hargeysa","Харгейса"
"Sao_Tome","Сан-Томе"
"Monrovia","Монровия"
"HAINAN","Хайнань"
"TIMOR","Тимор"
"Palawan","Палаван"
"Bohol","Бохоль"
"Negros","Негрос"
"Leyte","Лейте"
"Samar","Самар"
"Panay","Панай"
"Mindoro","Миндоро"
"Melekeok","Мелекеок"
"Doha","Доха"
"Baguio_City","Багио"
"Putrajaya","Путраджая"
"Manama","Манама"
"Abu_Dhabi","Абу-Даби"
"Ashgabat","Ашхабад"
"Dili","Дили"
"Dushanbe","Душанбе"
"Islamabad","Исламабад"
"Kathmandu","Катманду"
"Muscat","Маскат"
"Colombo","Коломбо"
"Ulaanbaatar","Улан-Батор"
"Amman","Амман"
"Bishkek","Бишкек"
"Beirut","Бейрут"
"Tbilisi","Тбилиси"
"Astana","Астана"
"Vientiane","Вьентьян"
"Bandar_Seri_Begawan","Бандар-Сери-Бегаван"
"Yerevan","Ереван"
"Phnom_Penh","Пномпень"
"Thimphu","Тхимпху"
"Naypyidaw","Нейпьидо"
"Male","Мале"
"Jerusalem","Иерусалим"
"Nicosia","Никосия"
"Kuala_Lumpur","Куала-Лумпур"
"Dubai","Дубай"
"New_Delhi","Нью-Дели"
"Port-of-Spain","Порт-оф-Спейн"
"Roseau","Розо"
"Bridgetown","Бриджтаун"
"Kingstown","Кингстаун"
"Castries","Кастри"
"Basseterre","Бастер"
"Saint_George's","Сент-Джорджес"
"Saint_John's","Сент-Джонс"
"Tegucigalpa","Тегусигальпа"
"Port-au-Prince","Порт-о-Пренс"
"Managua","Манагуа"
"Panama_City","Панама"
"San_Salvador","Сан-Сальвадор"
"Kingston","Кингстон"
"Guatemala","Гватемала"
"Belmopan","Бельмопан"
"Nassau","Нассау"
"Funafuti","Фунафути"
"Tarawa","Тарава"
"Port-Vila","Порт-Вила"
"Port_Moresby","Порт-Морсби"
"Honiara","Хониара"
"Wellington","Веллингтон"
"Suva","Сува"
"Auckland","Окленд"
"Montevideo","Монтевидео"
"Georgetown","Джорджтаун"
"Paramaribo","Парамарибо"
"Asuncion","Асунсьон"
"Quito","Кито"
"Sucre","Сукре"
"La_Paz","Ла-Пас"
"Sumava","Шумава"
"Krusne_hory","Рудные горы"
"Ceske_Stredohori","Чешское Среднегорье"
"Krkonose","Крконоше"
"Jizerske_hory","Йизерские горы"
"Orlicke_hory","Орлицкие горы"
"Hruby_Jesenik","Высокий Есеник"
"Beskydy","Бескиды"
"Ceskomoravska_vrchovina","Чешско-Моравская возвышенность"
"Bile_Karpaty","Белые Карпаты"
"Cesky_les","Чешский Лес"
"Drahanska_vrchovina","Драганская Возвышенность"
"Rychlebske_hory","Рихлебские горы"
"Nizky_Jesenik","Низкий Есеник"
"Plzenska_pahorkatina","Пльзенский кряж"
"Novohradske_hory","Новоградские горы"
"Chriby","Хршибы"
"Doupovske_hory","Доуповские горы"
"Brdy","Брды"
"Jestedsko-kozakovsky_hrbet","Ештедско-Козаковский хребет"
"Luzicke_hory","Лужицкие горы"
"Javorniky","Яворники"
"Stredoceska_pahorkatina","Среднечешский кряж"
"Labe","Эльба"
"Vltava","Влтава"
"Ohre","Огрже"
"Berounka","Бероунка"
"Sazava","Сазава"
"Otava","Отава"
"Morava","Морава"
"Orlice","Орлице"
"Odra","Одра"
"Ostravice","Остравице"
"Dyje","Дие"
"Svratka","Свратка"
"Svitava","Свитава"
"Jizera","Йизера"
"Uslava","Услава"
"Uhlava","Углава"
"Radbuza","Радбуза"
"Mze","Мже"
"Becva","Бечва"
"Daugava_(Zapadnaya_Dvina)","Западная Двина"
"Dniester","Днестр"
"Drava","Драва"
"Duero","Дуэро"
"Ebro","Эбро"
"Elbe","Эльба"
"Garonne","Гаронна"
"Loire","Луара"
"Oder","Одра"
"Po","По"
"Seine","Сена"
"Svernaya_Dvina","Северная Двина"
"Thames","Темза"
"Vistula","Висла"
"Vychegda","Вычегда"
"Rhine","Рейн"
"Volga","Волга"
"Don","Дон"
"Dalalven","Далэльвен"
"Kama","Кама"
"Tajo","Тахо"
"Tisa","Тиса"
"Dnepre","Днепр"
"Rhone","Рона"
"Glomma","Гломма"
"Kemijoki","Кемийоки"
"Sukhona","Сухона"
"Luznice","Лужнице"
"Ganges","Ганг"
"Yenisey","Енисей"
"Missouri","Миссури"
"Yukon","Юкон"
"Orinoco","Ориноко"
"Niger","Нигер"
"Zambezi","Замбези"
"Rio_Grande","Рио-Гранде"
"Mackenzie","Маккензи"
"Huang","Хуанхэ"
"Darling","Дарлинг"
"Orange","Оранжевая"
"Tigris","Тигр"
"Amu_Darya","Амударья"
"Euphrates","Евфрат"
"Indus","Инд"
"Amur","Амур"
"Murray","Муррей"
"St._Lawrence","Река Святого Лаврентия"
"Syr_Darya","Сырдарья"
"Yangtze","Янцзы"
"Senegal","Сенегал"
"Limpopo","Лимпопо"
"Okawango","Окаванго"
"Ubangi","Убанги"
"Chari","Шари"
"Baja_California","Нижняя Калифорния"
"Baja_California_Sur","Южная Нижняя Калифорния"
"Coahuila","Коауила"
"Chihuahua","Чиуауа"
"Durango","Дуранго"
"Sinaloa","Синалоа"
"Sonora","Сонора"
"Zacatecas","Сакатекас"
"Nuevo_Leon","Нуэво-Леон"
"San_Luis_Potosi","Сан-Луис-Потоси"
"Tamaulipas","Тамаулипас"
"Aguascalientes","Агуаскальентес"
"Colima","Колима"
"Jalisco","Халиско"
"Michoacan","Мичоакан"
"Nayarit","Наярит"
"Campeche","Кампече"
"Oaxaca","Оахака"
"Puebla","Пуэбла"
"Tabasco","Табаско"
"Tlaxcala","Тласкала"
"Distrito_Federal","Федеральный округ"
"Guanajuato","Гуанахуато"
"Guerrero","Герреро"
"Hidalgo","Идальго"
"Mexico","Мексика"
"Morelos","Морелос"
"Queretaro","Керетаро"
"Veracruz","Веракрус"
"Chiapas","Чьяпас"
"Quintana_Roo","Кинтана-Роо"
"Yucatan","Юкатан"
"city-Gomez_Palacio","Гомес-Паласио"
"city-Reynosa","Рейноса"
"city-Tlaxcala","Тласкала"
"city-Irapuato","Ирапуато"
"city-Celaya","Селая"
"city-Nezahualcoyotl","Несауалькойотль"
"city-Orizaba","Орисаба"
"city-Xalapa","Халапа"
"city-Mazatlan","Масатлан"
"city-Morelia","Морелия"
"city-Tepic","Тепик"
"city-Pachuca","Пачука-де-Сото"
"city-Toluca","Толука"
"city-Saltillo","Сальтильо"
"city-Ciudad_Juarez","Сьюдад-Хуарес"
"city-Durango","Дуранго"
"city-Aguascalientes","Агуаскальентес"
"city-Villahermosa","Вильяэрмоса"
"city-Cuernavaca","Куэрнавака"
"city-Queretaro","Керетаро"
"city-Mexicali","Мехикали"
"city-Torreon","Торреон"
"city-Culiacan","Кульякан"
"city-Hermosillo","Эрмосильо"
"city-San_Luis_Potosi","Сан-Луис-Потоси"
"city-Matamoros","Матаморос"
"city-Nuevo_Laredo","Нуэво-Ларедо"
"city-Oaxaca","Оахака"
"city-Leon","Леон"
"city-Tijuana","Тихуана"
"city-Chihuahua","Чиуауа"
"city-Tampico","Тампико"
"city-Acapulco","Акапулько"
"city-Veracruz","Веракрус"
"city-Tuxtla_Gutierrez","Тустла-Гутьеррес"
"city-Cancun","Канкун"
"city-Merida","Мерида"
"city-Guadalajara","Гвадалахара"
"city-Puebla","Пуэбла"
"city-Monterrey","Монтеррей"
"city-Mexico_City","Мехико"
"Santa_Cruz","Санта-Круз"
"Tierra_del_Fuego-state","Огненная Земля"
"San_Juan","Сан-Хуан"
"Chubut","Чубут"
"Mendoza","Мендоса"
"Neuquen","Неукен"
"La_Pampa","Ла-Пампа"
"Rio_Negro","Рио-Негро"
"San_Luis","Сан-Луис"
"Catamarca","Катамарка"
"Jujuy","Жужуй"
"La_Rioja","Риоха"
"Salta","Сальта"
"Santiago_del_Estero","Сантьяго-дель-Эстеро"
"Tucuman","Тукуман"
"Chaco","Чако"
"Formosa","Формоса"
"Corrientes","Корриентес"
"Entre_Rios","Энтре-Риос"
"Santa_Fe","Санта-Фе"
"Misiones","Мисьонес"
"Ciudad_de_Buenos_Aires","Буэнос-Айрес"
"city-Corrientes","Корриентес"
"city-La_Plata","Ла-Плата"
"city-San_Luis","Сан-Луис"
"city-San_Salvador_de_Jujuy","Сан-Сальвадор-де-Жужуй"
"city-Santiago_del_Estero","Сантьяго-дель-Эстеро"
"city-Resistencia","Ресистенсия"
"city-San_Juan","Сан-Хуан"
"city-Salta","Сальта"
"city-San_Miguel_de_Tucuman","Тукуман"
"city-Santa_Fe","Санта-Фе"
"city-Rosario","Росарио"
"city-Mendoza","Мендоса"
"city-Mar_del_Plata","Мар-дель-Плата"
"city-Cordoba","Кордова"
"city-Posadas","Посадас"
"city-Buenos_Aires","Буэнос-Айрес"
"Goias","Гояс"
"Pernambuco","Пернамбуку"
"Acre","Акри"
"Amazonas","Амазонас"
"Maranhao","Мараньян"
"Para","Пара"
"Rondonia","Рондония"
"Tocantins","Токантинс"
"Mato_Grosso_do_Sul","Мату-Гросу-ду-Сул"
"Minas_Gerais","Минас-Жерайс"
"Mato_Grosso","Мату-Гросу"
"Rio_Grande_do_Sul","Риу-Гранди-ду-Сул"
"Parana-state","Парана"
"Santa_Catarina","Санта-Катарина"
"Ceara","Сеара"
"Piaui","Пиауи"
"Alagoas","Алагоас"
"Bahia","Баия"
"Espirito_Santo","Эспириту-Санту"
"Paraiba","Параиба"
"Rio_de_Janeiro-state","Рио-де-Жанейро"
"Rio_Grande_do_Norte","Риу-Гранди-ду-Норти"
"Sergipe","Сержипи"
"Roraima","Рорайма"
"Amapa","Амапа"
"Niteroi","Нитерой"
"Vitoria-Brazil","Витория"
"Vila_Velha","Вила-Велья"
"Santos","Сантус"
"Sao_Luis",""
"Belo_Horizonte","Белу-Оризонти"
"Maceio","Масейо"
"Natal","Натал"
"Campinas","Кампинас"
"Manaus","Манаус"
"Florianopolis","Флорианополис"
"Belem","Белен"
"Porto_Alegre","Порту-Алегри"
"Curitiba","Куритиба"
"Fortaleza","Форталеза"
"Salvador","Сальвадор"
"Goiania","Гояния"
"Recife","Ресифи"
"gf","Французская Гвиана"
"Bebrava",""
"Biela_Orava",""
"Biela_Voda",""
"Biely_Vah",""
"Blh",""
"Bodrog",""
"Bodva",""
"Cirocha",""
"Cierna_Voda",""
"Cierny_Vah",""
"Dudvah",""
"Dunaj",""
"Dunajec",""
"Hnilec",""
"Hornad",""
"Hron",""
"Ida",""
"Ipel",""
"Krupinica",""
"Kysuca",""
"Laborec",""
"Latorica",""
"Maly_Dunaj",""
"Nitrica",""
"Ondava",""
"Orava",""
"Rajcanka",""
"Rimava",""
"Rudava",""
"Sikenica",""
"Slana",""
"Stara_Nitra",""
"Topla",""
"Torysa",""
"Trnavka",""
"Turiec",""
"Uh",""
"Vah",""
"Vlara",""
"Zitava",""
"Ryn",""
"Lech",""
"Inn",""
"Ill",""
"Salzach",""
"Pinka",""
"Litava",""
"Malse",""
"Travna",""
"Kremze",""
"Enze",""
"Salza",""
"Lavant",""
"Gail",""
"Mura",""
"Murz",""
"Raba",""
"Bela_(Cechy)",""
"Bela_(Morava)",""
"Blanice_(J._Cechy)",""
"Blanice_(Sazava)",""
"Blata",""
"Blsanka",""
"Bobruvka",""
"Branna",""
"Bystrice_(Cechy)",""
"Bystrice_(Morava)",""
"Cidlina",""
"Desna",""
"Divoka_Orlice",""
"Doubrava",""
"Drevnice",""
"Hana",""
"Chomutovka",""
"Chrudimka",""
"Jevisovka",""
"Kamenice_(J._Cechy)",""
"Kamenice_(S._Cechy)",""
"Klabava",""
"Kocaba",""
"Krupa",""
"Kremelna",""
"Kyjovka",""
"Litavka",""
"Lodenice",""
"Lomnice",""
"Loucna",""
"Luzicka_Nisa",""
"Metuje",""
"Moravice",""
"Moravska_Dyje",""
"Moravska_Sazava",""
"Mostenka",""
"Mrlina",""
"Nezarka",""
"Novohradka",""
"Olsava",""
"Olse",""
"Opavice",""
"Oskava",""
"Oslava",""
"Ploucnice",""
"Punkva",""
"Rokytna",""
"Rolava",""
"Romze",""
"Roznovska_Becva",""
"Skalice",""
"Smeda",""
"Stenava",""
"Stropnice",""
"Strela",""
"Svatava",""
"Tepla",""
"Ticha_Orlice",""
"Trkmanka",""
"Trebuvka",""
"Tremosna",""
"Upa",""
"Velicka",""
"Vidnavka",""
"Volynka",""
"Vsetinska_Becva",""
"Vydra",""
"Vyrovka",""
"Zlata_stoka",""
"Zeletavka",""
"Zelivka",""
"Zirovnice",""
"Helsingborg",""
"Uppsala",""
"Goteborg",""
"Karlstad",""
"Malmo",""
"Lund",""
"Norrkoping",""
"Gavle",""
"Vasteras",""
"Orebro",""
"Jonkoping",""
"Huddinge",""
"Linkoping",""
"Narvik",""
"Bergen",""
"Stavanger",""
"Drammen",""
"Fredrikstad",""
"Kristiansand",""
"Lillehammer",""
"Molde",""
"Skien",""
"Trondheim",""
"Asker",""
"Bodo",""
"Tromso",""
"Pori",""
"Turku",""
"Espoo",""
"Oulu",""
"Vantaa",""
"Tampere",""
"Kuopio",""
"Lahti",""
"Joensuu",""
"Kouvola",""
"Lappeenranta",""
"Hameenlinna",""
"Jyvaskyla",""
"Colorado",""
"Red",""
"Arkansas",""
"Yellowstone",""
"Platte",""
"Ohio",""
"Snake",""
"Columbia",""
"Liard",""
"Peace",""
"Athabasca",""
"Thelon",""
"Churchill",""
"Nelson",""
"Saskatchewan",""
"Hudson",""
"Reka_sv._Vavrince",""
"Kaspicke_more",""
"Azovske_more",""
"Cerne_more",""
"Bospor",""
"Dardanely",""
"Marmanske_more",""
"Egejske_more",""
"Jonske_more",""
"Tyrhenske_more",""
"Jaderske_more",""
"Stredozemni_more",""
"Lvi_zaliv",""
"Balearske_more",""
"Ligurske_more",""
"Gibraltarsky_pruliv",""
"Biskajsky_zaliv",""
"Lamanssky_pruliv",""
"Doverska_uzina",""
"Irske_more",""
"Severni_more",""
"Norske_more",""
"Barentsovo_more",""
"Bile_more",""
"Finsky_zaliv",""
"Botnicky_zaliv",""
"Baltske_more",""