"mx","México"
"de","Alemania"
"at","Austria"
"ar","Argentina"
"au","Australia"
"sk","Eslovaquia"
"gb","Reino Unido"
"us","Estados Unidos"
"br","Brasil"
"es","España"
"cz","Rep. Checa"
"cn","China"
"fr","Francia"
"world","Mundo"
"africa","África"
"samerica","América del Sur"
"namerica","América del Norte"
"europe","Europa"
"asia","Asia"
"oceania","Australia y Oceania"
"in","India"
"it","Italia"
"ca","Canadá"
"se","Suecia"
"no","Noruega"
"fi","Finlandia"
"us-al","Alabama"
"us-az","Arizona"
"us-ar","Arkansas"
"us-ca","California"
"us-co","Colorado"
"us-ct","Connecticut"
"us-de","Delaware"
"us-fl","Florida"
"us-ga","Georgia"
"us-id","Idaho"
"us-il","Illinois"
"us-in","Indiana"
"us-ia","Iowa"
"us-ks","Kansas"
"us-ky","Kentucky"
"us-la","Luisiana"
"us-me","Maine"
"us-md","Maryland"
"us-ma","Massachusetts"
"us-mi","Michigan"
"us-mn","Minnesota"
"us-ms","Misisipi"
"us-mo","Misuri"
"us-mt","Montana"
"us-ne","Nebraska"
"us-nv","Nevada"
"us-nh","Nuevo Hampshire"
"us-nj","Nueva Jersey"
"us-nm","Nuevo México"
"us-ny","Nueva York"
"us-nc","Carolina del Norte"
"us-nd","Dakota del Norte"
"us-oh","Ohio"
"us-ok","Oklahoma"
"us-or","Oregón"
"us-pa","Pensilvania"
"us-ri","Rhode Island"
"us-sc","Carolina del Sur"
"us-sd","Dakota del Sur"
"us-tn","Tennessee"
"us-tx","Texas"
"us-ut","Utah"
"us-vt","Vermont"
"us-va","Virginia"
"us-wa","Washington"
"us-wv","Virginia Occidental"
"us-wi","Wisconsin"
"us-wy","Wyoming"
"al","Albania"
"af","Afganistan"
"dz","Argelia"
"ao","Angola"
"ar","Argentina"
"am","Armenia"
"au","Australia"
"az","Azerbaiyán"
"bs","Bahamas"
"bd","Bangladesh"
"be","Bélgica"
"bz","Belize"
"by","Belarusia"
"bj","Benín"
"bt","Bután"
"bo","Bolivia"
"ba","Bosnia y Herz."
"bw","Botswana"
"br","Brasil"
"bn","Brunéi"
"bg","Bulgaria"
"bf","Burkina Faso"
"bi","Burundi"
"td","Chad"
"me","Montenegro"
"cz","Rep. Checa"
"cn","China"
"dk","Dinamarca"
"cd","República Democrática del Congo"
"do","Dominican Rep."
"dj","Yibuti"
"eg","Egipto"
"ec","Ecuador"
"er","Estado de Eritrea"
"ee","Estonia"
"et","Etiopía"
"fk","Islas Malvinas"
"fj","Fiji"
"ph","Filipinas"
"fi","Finlandia"
"fr","Francia"
"tf","Francouzská jižní a antarktická území"
"ga","Gabón"
"gm","Gambia"
"gh","Ghana"
"gl","Groenlandia"
"ge","Georgia"
"gt","Guatemala"
"gn","Guinea"
"gw","Guinea-Bisáu"
"gy","Guyana"
"ht","Haiti"
"hn","Honduras"
"cl","Chile"
"hr","Croacia"
"in","India"
"id","Indonesia"
"iq","Iraq"
"ir","Irán"
"ie","Irlanda"
"is","Islandia"
"it","Italia"
"il","Israel"
"jm","Jamaica"
"jp","Japón"
"ye","Yemen"
"za","Sudáfrica"
"kr","Korea"
"ss","Sudán del Sur"
"jo","Jordania"
"kh","Cambodia"
"cm","Camerún"
"ca","Canadá"
"qa","Catar"
"kz","Kazajistán"
"ke","Kenia"
"co","Colombia"
"cg","Congo"
"cr","Costa Rica"
"cu","Cuba"
"kw","Kuwait"
"cy","Kypr"
"kg","Kirguistán"
"la","Laos"
"ls","Lesoto"
"lb","Líbano"
"lr","Liberia"
"ly","Libia"
"lt","Lituania"
"lv","Letonia"
"lu","Luxemburgo"
"mg","Madagascar"
"hu","Hungría"
"mk","Macedonia"
"my","Malasia"
"mw","Malawi"
"ml","Mali"
"ma","Marruecos"
"mr","Mauritania"
"mx","México"
"md","Moldavia"
"mn","Mongolia"
"mz","Mozambique"
"mm","Myanmar"
"na","Namibia"
"de","Alemania"
"np","Nepal"
"ne","Niger"
"ng","Nigeria"
"ni","Nicaragua"
"nl","Holanda"
"no","Noruega"
"nc","Nueva Caledonia"
"nz","Nueva Zelanda "
"om","Omán"
"pk","Pakistán"
"ps","Palestina"
"pa","Panama"
"pg","Papua Nueva Guinea"
"py","Paraguay"
"pe","Perú"
"ci","Costa de Marfil"
"pl","Polonia"
"pr","Puerto Rico"
"pt","Portugal"
"at","Austria"
"gq","Guinea Ecuatorial"
"ro","Rumania"
"ru","Rusia"
"rw","Ruanda"
"gr","Grecia"
"sv","El Salvador"
"sa","Arabia Saudita"
"sn","Senegal"
"kp","Rep. Dem. Korea"
"sl","Sierra Leone"
"sk","Eslovaquia"
"si","Eslovenia"
"so","Somalia"
"ae","Emiratos Árabes Unidos"
"gb","Reino Unido"
"us","Estados Unidos"
"rs","Serbia"
"cf","Repúblic centroafricana"
"sd","Sudán"
"sr","Suriname"
"sz","Suazilandia"
"sy","Siria"
"sb","Islas Salomón"
"es","España"
"lk","Sri Lanka"
"se","Suecia"
"ch","Suiza"
"tj","Tayikistán"
"tz","Tanzania"
"th","Tailandia"
"tw","Taiwan"
"tg","Togo"
"tn","Túnez"
"tr","Turquía"
"tm","Turkmenistán"
"ug","Uganda"
"ua","Ukrania"
"uy","Uruguay"
"uz","Uzbekistán"
"ve","Venezuela"
"vn","Vietnam"
"tl","Timor Oriental"
"zm","Zambia"
"eh","Sahara Occidental"
"zw","Zimbabue"
"world","Mundo"
"africa","África"
"samerica","América del Sur"
"namerica","América del Norte"
"europe","Europa"
"asia","Asia"
"oceania","Australia y Oceania"
"xk","Kosovo"
"xs","Somalilandia"
"cz-us","Ústí nad Labem"
"cz-pl","Pilsen"
"cz-jm","Moravia Meridional"
"cz-zl","Zlín"
"cz-ol","Olomouc"
"cz-pa","Pardubice"
"cz-ka","Karlovy Vary"
"cz-jc","Bohemia Meridional"
"cz-vy","Vysočina"
"cz-pr","Praga"
"cz-st","Bohemia Central"
"cz-li","Liberec"
"cz-kr","Hradec Králové"
"cz-mo","Moravia-Silesia"
"de-nw","Renania del Norte-Westfalia"
"de-bw","Baden-Wurtemberg"
"de-he","Hessen"
"de-hb","Bremen"
"de-ni","Baja Sajonia"
"de-th","Turingia"
"de-hh","Hamburgo"
"de-sh","Schleswig-Holstein"
"de-rp","Renania-Palatinado"
"de-sl","Sarre"
"de-by","Bayern"
"de-be","Berlín"
"de-st","Sajonia-Anhalt"
"de-sn","Sajonia"
"de-bb","Brandenburgo"
"de-mv","Mecklemburgo-Pomerania Occidental"
"at-vo","Vorarlberg"
"at-bu","Burgenland"
"at-st","Estiria"
"at-ka","Carintia"
"at-oo","Alta Austria"
"at-sz","Salzburgo"
"at-tr","Tirol"
"at-no","Baja Austria"
"at-wi","Viena"
"in-ch","Čhattísgarh"
"in-dl","Delhi"
"in-hp","Himachal Pradesh"
"in-hr","Haryana"
"in-jk","Jammu and Kashmir"
"in-ap","Andhra Pradesh"
"in-kl","Kerala"
"in-ld","Lakadivy / Lakšadvíp"
"in-or","Orissa"
"in-dn","Dádra a Nagar-havéli"
"in-ka","Karnataka"
"in-mh","Maharashtra"
"in-an","Andamany a Nikobary"
"in-as","Assam"
"in-mn","Manipur"
"in-nl","Nagaland"
"in-ml","Megalaya"
"in-pb","Punjab"
"in-rj","Rajastán"
"in-up","Uttar Pradesh"
"in-ut","Uttaranchal"
"in-jh","Jharkhand"
"in-wb","Bengala Occidental"
"in-br","Bihar"
"in-sk","Sikkim"
"in-ct","Chhattisgarh"
"in-mp","Madhya Pradesh"
"in-py","Puttuččéri"
"in-tn","Tamil Nadu"
"in-gj","Guyarat"
"in-ga","Goa"
"in-ar","Arunachal Pradesh"
"in-mz","Mizorán"
"in-tr","Tripura"
"Daman and Diu","Damán a Díjú"
"cn-62","Gansu"
"cn-63","Qinghai"
"cn-45","Guangxi"
"cn-52","Guizhou"
"cn-50","Chongqing"
"cn-11","Pekín"
"cn-35","Islas Paracelso"
"cn-34","Ánhui"
"cn-44","Cantón"
"cn-54","Tíbet"
"cn-65","Sinkiang"
"cn-46","Hainan"
"cn-64","Ningxia"
"cn-61","Shaanxi"
"cn-14","Shanxi"
"cn-42","Hubei"
"cn-43","Hunan"
"cn-51","Sichuan"
"cn-53","Yunnan"
"cn-13","Hebei"
"cn-41","Henán"
"cn-21","Liaoning"
"cn-37","Shandong"
"cn-12","Tianjín"
"cn-36","Jiangxi"
"cn-32","Jiangsu"
"cn-31","Shanghái"
"cn-33","Zhejiang"
"cn-22","Jilin"
"cn-15","Mongolia Interior"
"cn-23","Heilongjiang"
"San_Marino","San Marino"
"Vaduz","Vaduz"
"Luxembourg","Luxemburgo"
"Monaco","Mónaco"
"Andorra","Andorra"
"Ljubljana","Liubliana"
"Bratislava","Bratislava"
"Podgorica","Podgorica"
"Bern","Berna"
"Pristina","Pristina"
"Skopje","Skopie"
"Reykjavik","Reikiavik"
"Chisinau","Chisináu"
"Vilnius","Vilna"
"Riga","Riga"
"Zagreb","Zagreb"
"Tallinn","Tallin"
"Belgrade","Belgrado"
"Tirana","Tirana"
"Sofia","Sofia"
"Minsk","Minsk"
"Sarajevo","Sarajevo"
"Budapest","Budapest"
"Bucharest","Bucarest"
"Lisbon","Lisboa"
"Oslo","Oslo"
"Warsaw","Varsovia"
"Dublin","Dublin"
"Prague","Praga"
"Helsinki","Helsinki"
"Kobenhavn","Copenhague"
"Brussels","Bruselas"
"Kiev","Kiev"
"Madrid","Madrid"
"Geneva","Ženeva"
"Stockholm","Estocolmo"
"Amsterdam","Amsterdam"
"Berlin","Berlín"
"Athens","Atenas"
"Vienna","Viena"
"London","Londrés"
"Moscow","Moscú"
"Rome","Roma"
"Paris","Paris"
"it-65","Abruzos"
"it-75","Apulia"
"it-77","Basilicata"
"it-78","Calabria"
"it-72","Campania"
"it-45","Emilia-Romaña"
"it-36","Friuli-Venezia Giulia"
"it-62","Lazio"
"it-42","Liguria"
"it-25","Lombardia"
"it-57","Marcas"
"it-67","Molise"
"it-21","Piamonte"
"it-88","Sardinia"
"it-82","Sicilia"
"it-52","Toscana"
"it-32","Trentino-Alto Adigio"
"it-55","Umbría"
"it-23","Valle de Aosta"
"it-34","Véneto"
"fr-a","Alsacia"
"fr-b","Aquitanía"
"fr-c","Aviñón"
"fr-p","Baja Normandía"
"fr-d","Borgoña"
"fr-e","Bretaña"
"fr-f","Centro"
"fr-g","Champaña-Ardenas"
"fr-h","Córcega"
"fr-i","Franco Condado"
"fr-q","Alta Normandía"
"fr-j","Isla de Francia"
"fr-k","Languedoc-Rosellón"
"fr-l","Lemosín"
"fr-m","Lorena"
"fr-n","Mediodía-Pirineos"
"fr-o","Norte-Paso de Calais"
"fr-r","Países del Loira"
"fr-s","Picardía"
"fr-t","Poitou-Charentes"
"fr-u","Provenza-Alpes-Costa Azul"
"fr-v","Ródano-Alpes"
"es-an","Andalucía"
"es-ar","Aragón"
"es-cb","Cantabria"
"es-cl","Castilla y León"
"es-cm","Castilla-La Mancha"
"es-ct","Cataluña"
"es-md","Comunidad de Madrid"
"es-na","Comunidad Foral de Navarra"
"es-vc","Comunidad Valenciana"
"es-ex","Extremadura"
"es-ga","Galicia"
"es-pm","Islas Baleares"
"es-lo","La Rioja"
"es-pv","País Vasco"
"es-as","Principado de Asturias"
"es-mu","Región de Murcia"
"ca-mb","Manitoba"
"ca-sk","Saskatchewan"
"ca-ab","Alberta"
"ca-bc","Columbia Británica"
"ca-nu","Nunavut"
"ca-nt","Territorios de Noroeste"
"ca-yt","Yukón"
"ca-on","Ontario"
"ca-qc","Quebec"
"ca-nb","Nuevo Brunswick"
"ca-ns","Nueva Escocia"
"ca-nl","Terranova y Labrador"
"ca-pe","Isla del Príncipe Eduardo"
"au-nt","Territorio del Norte"
"au-wa","Australia Occidental"
"au-ct","Territorio de la Capital Australiana"
"au-ns","Nueva Gales del Sur"
"au-sa","Australia Meridional"
"au-vi","Victoria"
"au-ql","Queensland"
"au-ts","Tasmania"
"Hardanger-vidda","Hardanger-vidda"
"Bohmerwald","Selva de Bohemia"
"Transylvanian_Alps","Cárpatos meridionales"
"Tatra_Mts.","Montes Tatras"
"Pindus_Mts.","Pindo"
"Calabria","Calabria"
"Harz","Harz"
"Vosges","Vosgos"
"Sudetes_Mts.","Sudetes"
"Erzgebirge","Montes Metálicos"
"Ardennes","Ardenas"
"Jura","Jura"
"Grampian_Mts.","Montes Grampianos"
"Cambrian_Mts.","Montes Cámbricos"
"Balkan_Mts.","Montes Balcanes"
"Dinaric_Alps","Alpes Dináricos"
"Cord._Cantabrica"," Cordillera Cantábrica"
"S._Nevada","S. Nevada"
"Sierra_Morena","Sierra Morena"
"KJLEN_MOUNTAINS","KJØLEN MOUNTAINS"
"CARPATHIAN_MOUNTAINS","MONTES CÁRPATOS"
"APPENNINI","APENINOS"
"PYRENEES","PIRINEOS"
"ALPS","ALPES"
"CAUCASUS_MTS.","MONTAÑAS DEL CÁUCASO"
"Mesa","Mesa"
"San_Mateo","San Mateo"
"Aurora","Aurora"
"Kansas_City","Kansas City"
"Pasadena","Pasadena"
"Grand_Prairie","Arlington"
"Stamford","Stamford"
"Joliet","Joliet"
"Stockton","Stockton"
"Oceanside","Oceanside"
"Irvine","Irvine"
"New_Haven","New Haven"
"Lowell","Lowell"
"Fort_Lauderdale","Fort Lauderdale"
"Gary","Gary"
"Covington","Covington"
"Akron","Akron"
"Grand_Rapids","Grand Rapids"
"Tacoma","Tacoma"
"Long_Beach","Long Beach"
"Hartford","Hartford"
"Providence","Providence"
"Birmingham","Birmingham"
"St._Petersburg","St. Petersburg"
"Dayton","Dayton"
"Virginia_Beach","Virginia Beach"
"Oakland","Oakland"
"West_Palm_Beach","West Palm Beach"
"Sarasota","Sarasota"
"Louisville","Louisville"
"Charlotte","Charlotte"
"Columbus","Columbus"
"Albany","Albany"
"Harrisburg","Harrisburg"
"San_Bernardino","San Bernardino"
"Bridgeport","Bridgeport"
"Rochester","Rochester"
"Tucson","Tucson"
"Fresno","Fresno"
"Albuquerque","Albuquerque"
"Tulsa","Tulsa"
"Ft._Worth","Ft. Worth"
"Austin","Austin"
"El_Paso","El Paso"
"Orlando","Orlando"
"Jacksonville","Jacksonville"
"Indianapolis","Indianapolis"
"Knoxville","Knoxville"
"Richmond","Richmond"
"Baltimore","Baltimore"
"Syracuse","Syracuse"
"San_Jose","San José"
"Sacramento","Sacramento"
"Las_Vegas","Las Vegas"
"Portland","Portland"
"Salt_Lake_City","Salt Lake City"
"Omaha","Omaha"
"Oklahoma_City","Oklahoma City"
"San_Antonio","San Antonio"
"Raleigh","Raleigh"
"Cleveland","Cleveland"
"Cincinnati","Cincinnati"
"Nashville","Nashville"
"Memphis","Memphis"
"Norfolk","Norfolk"
"Milwaukee","Milwaukee"
"Buffalo","Buffalo"
"Pittsburgh","Pittsburgh"
"Minneapolis","Minneapolis"
"Seattle","Seattle"
"Phoenix","Phoenix"
"San_Diego","San Diego"
"St._Louis","St. Louis"
"New_Orleans","New Orleans"
"Dallas","Dallas"
"Boston","Boston"
"Tampa","Tampa"
"Philadelphia","Philadelphia"
"Detroit","Detroit"
"San_Francisco","San Francisco"
"Denver","Denver"
"Houston","Houston"
"Miami","Miami"
"Atlanta","Atlanta"
"Chicago","Chicago"
"Los_Angeles","Los Angeles"
"Washington,_D.C.","Washington, D.C."
"New_York","Nueva York"
"Bielefeld","Bielefeld"
"Dortmund","Dortmund"
"Duisburg","Duisburgo"
"Wuppertal","Wuppertal"
"Essen","Essen"
"Karlsruhe","Karlsruhe"
"Heidelberg","Heidelberg"
"Augsburg","Augsburgo"
"Chemnitz","Chemnitz"
"Bonn","Bonn"
"Dusseldorf","Dusseldorf"
"Mannheim","Mannheim"
"Wiesbaden","Wiesbaden"
"Hannover","Hannover"
"Koblenz","Coblenza"
"Saarbrucken","Sarrebruck"
"Leipzig","Leipzig"
"Stuttgart","Stuttgart"
"Bremen","Bremen"
"Nurnberg","Núremberg"
"Cologne","Colonia"
"Dresden","Dresden"
"Frankfurt","Frankfurt"
"Hamburg","Hamburgo"
"Munich","Munich"
"London_Ca","Londrés"
"Windsor","Windsor"
"Winnipeg","Winnipeg"
"Calgary","Calgary"
"Ottawa","Ottawa"
"Quebec","Quebec"
"Halifax","Halifax"
"Edmonton","Edmonton"
"Montreal","Montreal"
"Vancouver","Vancouver"
"Toronto","Toronto"
"Cranbourne","Cranbourne"
"Gold_Coast","Gold Coast"
"Canberra","Canberra"
"Newcastle","Newcastle"
"Adelaide","Adelaide"
"Brisbane","Brisbane"
"Perth","Perth"
"Melbourne","Melbourne"
"Sydney","Sídney"
"Bregenz","Bregenz"
"Eisenstadt","Eisenstadt"
"Wiener_Neustadt","Wiener Neustadt"
"Graz","Graz"
"Klagenfurt","Klagenfurt"
"Linz","Linz"
"Salzburg","Salzburgo"
"Innsbruck","Innsbruck"
"Jihlava","Jihlava"
"Plzen","Pilsen"
"Otrokovice","Otrokovice"
"Kudowa-Zdroj","Kudowa-Zdrój"
"Klingenthal","Klingenthal"
"Trinec","Třinec"
"Klasterec_nad_Ohri","Klášterec nad Ohří"
"Pelhrimov","Pelhřimov"
"Chrudim","Chrudim"
"Pardubice","Pardubice"
"Hradec_Kralove","Hradec Králové"
"Havlickuv_Brod","Havlíčkův Brod"
"Zdar_nad_Sazavou","Žďár nad Sázavou"
"Velke_Mezirici","Velké Meziříčí"
"Svitavy","Svitavy"
"Moravska_Trebova","Moravská Třebová"
"Ceska_Trebova","Česká Třebová"
"Usti_nad_Orlici","Ústí nad Orlicí"
"Vysoke_Myto","Vysoké Mýto"
"Trebic","Třebíč"
"Nachod","Náchod"
"Jicin","Jičín"
"Vrchlabi","Vrchlabí"
"Trutnov","Trutnov"
"Dvur_Kralove_nad_Labem","Dvůr Králové nad Labem"
"Rychnov_nad_Kneznou","Rychnov nad Kněžnou"
"Turnov","Turnov"
"Liberec","Liberec"
"Jablonec_nad_Nisou","Jablonec nad Nisou"
"Ceska_Lipa","Česká Lípa"
"Novy_Bor","Nový Bor"
"Usti_nad_Labem","Ústí nad Labem"
"Teplice","Teplice"
"Bilina","Bílina"
"Most","Most"
"Litvinov","Litvínov"
"Zatec","Žatec"
"Louny","Louny"
"Kadan","Kadaň"
"Jirkov","Jirkov"
"Chomutov","Chomutov"
"Varnsdorf","Varnsdorf"
"Rumburk","Rumburk"
"Decin","Děčín"
"Roudnice_nad_Labem","Roudnice nad Labem"
"Litomerice","Litoměřice"
"Kromeriz","Kroměříž"
"Holesov","Holešov"
"Uhersky_Brod","Uherský Brod"
"Vsetin","Vsetín"
"Valasske_Mezirici","Valašské Meziříčí"
"Roznov_pod_Radhostem","Rožnov pod Radhoštěm"
"Zlin","Zlín"
"Marianske_Lazne","Mariánské Lázně"
"Cheb","Cheb"
"As","Aš"
"Ostrov","Ostrov"
"Karlovy_Vary","Karlovy Vary"
"Sokolov","Sokolov"
"Chodov","Chodov"
"Ceske_Budejovice","České Budějovice"
"Cesky_Krumlov","Český Krumlov"
"Jindrichuv_Hradec","Jindřichův Hradec"
"Pisek","Písek"
"Prachatice","Prachatice"
"Strakonice","Strakonice"
"Tabor","Tábor"
"Jesenik","Jeseník"
"Sternberk","Šternberk"
"Unicov","Uničov"
"Olomouc","Olomouc"
"Prostejov","Prostějov"
"Prerov","Přerov"
"Hranice","Hranice"
"Sumperk","Šumperk"
"Zabreh","Zábřeh"
"Domazlice","Domažlice"
"Susice","Sušice"
"Klatovy","Klatovy"
"Rokycany","Rokycany"
"Tachov","Tachov"
"Vlasim","Vlašim"
"Benesov","Benešov"
"Beroun","Beroun"
"Slany","Slaný"
"Kladno","Kladno"
"Kolin","Kolín"
"Kutna_Hora","Kutná Hora"
"Neratovice","Neratovice"
"Melnik","Mělník"
"Kralupy_nad_Vltavou","Kralupy nad Vltavou"
"Mlada_Boleslav","Mladá Boleslav"
"Podebrady","Poděbrady"
"Nymburk","Nymburk"
"Brandys_nad_Labem-Stara_Boleslav","Brandýs nad Labem-Stará Boleslav"
"Pribram","Příbram"
"Rakovnik","Rakovník"
"Krnov","Krnov"
"Bruntal","Bruntál"
"Frydek-Mistek","Frýdek-Místek"
"Cesky_Tesin","Český Těšín"
"Orlova","Orlová"
"Karvina","Karviná"
"Havirov","Havířov"
"Bohumin","Bohumin"
"Novy_Jicin","Nový Jičín"
"Koprivnice","Kopřivnice"
"Frenstat_pod_Radhostem","Frenštát pod Radhoštěm"
"Opava","Opava"
"Hlucin","Hlučín"
"Ostrava","Ostrava"
"Boskovice","Boskovice"
"Blansko","Blansko"
"Brno","Brno"
"Breclav","Břeclav"
"Veseli_nad_Moravou","Veselí nad Moravou"
"Hodonin","Hodonín"
"Kyjov","Kyjov"
"Vyskov","Vyškov"
"Znojmo","Znojmo"
"Praha","Praga"
"Rejdice","Rejdice"
"Uherske_Hradiste","Uherské Hradiště"
"Hejnice","Hejnice"
"Angers","Angers"
"Clermont-Ferrand","Clermont-Ferrand"
"Melun","Melun"
"Saint-Etienne","Saint-Étienne"
"Grenoble","Grenoble"
"Caen","Caen"
"Nantes","Nantes"
"Toulon","Tolón"
"Montpellier","Montpellier"
"Nimes","Nimes"
"Dijon","Dijon"
"Tours","Tours"
"Orleans","Orleans"
"Rouen","Ruan"
"Reims","Reims"
"Mulhouse","Mulhouse"
"Nancy","Nancy"
"Metz","Metz"
"Rennes","Rennes"
"Nice","Nize"
"Toulouse","Toulouse"
"Limoges","Limoges"
"Lille","Lille"
"Strasbourg","Estrasburgo"
"Bordeaux","Burdeos"
"Marseille","Marsella"
"Le_Havre","El Havre"
"Lyon","Lyon"
"Modena","Módena"
"Reggio_di_Calabria","Reggio di Calabria"
"Caserta","Caserta"
"Como","Como"
"Treviso","Treviso"
"Parma","Parma"
"Bologna","Bolonia"
"Cagliari","Cagliari"
"Pisa","Pisa"
"Livorno","Livorno"
"Salerno","Salerno"
"Bari","Bari"
"Foggia","Foggia"
"Lecce","Lecce"
"Taranto","Taranto"
"Messina","Mesina"
"Pescara","Pescara"
"Bergamo","Bérgamo"
"Trieste","Trieste"
"Verona","Verona"
"Turin","Turín"
"Genoa","Génova"
"Florence","Florencia"
"Catania","Catania"
"Venice","Venecia"
"Palermo","Palermo"
"Naples","Nápoles"
"Milan","Milán"
"Marbella","Marbella"
"Mataro","Mataro"
"Gijon","Gijon"
"Vitoria","Vitoria"
"Almeria","Almeria"
"Malaga","Malaga"
"Albacete","Albacete"
"Santander","Santander"
"Salamanca","Salamanca"
"Burgos","Burgos"
"Cartagena","Cartagena"
"Oviedo","Oviedo"
"San_Sebastian","San Sebastiln"
"Alicante","Alicante"
"Castello","Castello"
"Cadiz","Cadiz"
"Granada","Granada"
"Murcia","Murcia"
"La_Coruna","La Coruea"
"Pamplona","Pamplona"
"Valladolid","Valladolid"
"Palma","Palma"
"Zaragoza","Zaragoza"
"Cordoba","Cordoba"
"Vigo","Vigo"
"Bilbao","Bilbao"
"Seville","Seville"
"Valencia","Valencia"
"Barcelona","Barcelona"
"-99","República Turca del Norte de Chipre"
"tt","Trinidad and Tobago"
"vu","Vanuatu"
"Saaremaa","Saaremaa"
"Aland","Åland"
"Gotland","Gotland"
"Zealand","Zealand"
"Lofoten","Lofoten"
"Vesteralen","Vesterålen"
"Rhodes","Rhodes"
"Crete","Crete"
"Malta","Malta"
"Menorca","Menorca"
"Mallorca","Mallorca"
"Ibiza","Ibiza"
"Lesbos","Lesbos"
"Kolguyev_I.","Isla Kolgúyev"
"Sardegna","Cerdeña"
"Corse","Córcega"
"Sicilia","Sicilia"
"IRELAND","IRLANDA"
"GREAT_BRITAIN","GRAN BRETAÑA"
"ICELAND","ISLANDIA"
"Valletta","La Valeta"
"Sunderland","Sunderland"
"Southampton","Southampton"
"Bristol","Brístol"
"Bournemouth","Bournemouth"
"Southend","Southend-on-Sea"
"Reading","Reading"
"Leicester","Leicester"
"Bradford","Bradford"
"Sheffield","Sheffield"
"Middlesbrough","Middlesbrough"
"Coventry","Coventry"
"Kingston_upon_Hull","Kingston upon Hull"
"Brighton","Brighton"
"Portsmouth","Portsmouth"
"Nottingham","Nottingham"
"Stoke","Stoke"
"Edinburgh","Edinburgo"
"Liverpool","Liverpool"
"Cardiff","Cardiff"
"Leeds","Leeds"
"Manchester","Manchester"
"Belfast","Belfast"
"Glasgow","Glasgow"
"sk-bl","Bratislavský"
"sk-bc","Banskobystrický"
"sk-zi","Žilinský"
"sk-ni","Nitriansky"
"sk-tc","Trenciansky"
"sk-ta","Trnavský"
"sk-ki","Košický"
"sk-pv","Prešov"
"Zvolen","Zvolen"
"Handlova","Handlová"
"Puchov","Púchov"
"Surany","Šurany"
"Galanta","Galanta"
"Povazska_Bystrica","Považská Bystrica"
"Martin","Martin"
"Kezmarok","Kežmarok"
"Topolcany","Topoľčany"
"Banska_Stiavnica","Banská Štiavnica"
"Partizanske","Partizánske"
"Hlohovec","Hlohovec"
"Levoca","Levoča"
"Myjava","Myjava"
"Michalovce","Michalovce"
"Samorin","Šamorín"
"Humenne","Humenné"
"Sabinov","Sabinov"
"Dubnica_nad_Vahom","Dubnica nad Váhom"
"Snina","Snina"
"Rimavska_Sobota","Rimavská Sobota"
"Malacky","Malacky"
"Dolny_Kubin","Dolný Kubín"
"Roznava","Rožňava"
"Kolarovo","Kolárovo"
"Zilina","Žilina"
"Kysucke_Nove_Mesto","Kysucké Nové Mesto"
"Holic","Holíč"
"Trencin","Trenčín"
"Spisska_Nova_Ves","Spišská Nová Ves"
"Trebisov","Trebišov"
"Revuca","Revúca"
"Banovce_nad_Bebravou","Bánovce nad Bebravou"
"Stara_Lubovna","Stará Ľubovňa"
"Zlate_Moravce","Zlaté Moravce"
"Komarno","Komárno"
"Lucenec","Lučenec"
"Bardejov","Bardejov"
"Skalica","Skalica"
"Velky_Krtis","Veľký Krtíš"
"Piestany","Piešťany"
"Sturovo","Štúrovo"
"Brezno","Brezno"
"Presov","Prešov"
"Filakovo","Fiľakovo"
"Stropkov","Stropkov"
"Dunajska_Streda","Dunajská Streda"
"Nove_Mesto_nad_Vahom","Nové Mesto nad Váhom"
"Cadca","Čadca"
"Pezinok","Pezinok"
"Trnava","Trnava"
"Ruzomberok","Ružomberok"
"Liptovsky_Mikulas","Liptovský Mikuláš"
"Banska_Bystrica","Banská Bystrica"
"Nova_Dubnica","Nová Dubnica"
"Senec","Senec"
"Detva","Detva"
"Prievidza","Prievidza"
"Nove_Zamky","Nové Zámky"
"Svidnik","Svidník"
"Sered","Sereď"
"Vranov_nad_Toplou","Vranov nad Topľou"
"Ziar_nad_Hronom","Žiar nad Hronom"
"Poprad","Poprad"
"Nitra","Nitra"
"Levice","Levice"
"Bytca","Bytča"
"Moldava_nad_Bodvou","Moldava nad Bodvou"
"Kosice","Košice"
"Sala","Šaľa"
"Senica","Senica"
"TIERRA_DEL_FUEGO","TIERRA DEL FUEGO"
"Nova_Scotia","Nova Scotia"
"Vancouver_Island","Isla de Vancouver"
"VICTORIA_ISLAND","Isla Victoria"
"LABRADOR","LABRADOR"
"ELLESMERE_ISLAND","ISLA DE ELLESMERE "
"BAFFIN_ISLAND","ISLA DE BAFFIN"
"ISLAND_OF_NEWFOUNDLAND","ISLA DE TERRANOVA"
"SULAWESI","CÉLEBES"
"JAVA","JAVA"
"MINDANAO","MINDANAO"
"LUZON","LUZÓN"
"TAIWAN","TAIWÁN"
"KYUSHU","KYUSHU"
"SHIKOKU","SHIKOKU"
"HOKKAIDO","HOKKAIDO"
"SAKHALIN","SAJALÍN"
"SRI_LANKA","SRI LANKA"
"TASMANIA","TASMANIA"
"NEW_GUINEA","NUEVA GUINEA"
"BORNEO","BORNEO"
"SUMATRA","SUMATRA"
"HONSHU","HONSHÜ"
"GREENLAND","GROENLANDIA"
"MADAGASCAR","MADAGASCAR"
"SOUTH_ISLAND","ISLA SUR"
"NORTH_ISLAND","ISLA NORTE"
"ETHIOPIAN_HIGHLANDS","MACIZO ETÍOPE"
"ZAGROS_MOUNTAINS","ZAGROS"
"ALTAY_MOUNTAINS","MACIZO DE ATLÁI"
"GREATER_KHINGAN_RANGE","GRAN KHINGAN"
"STANOVOY_RANGE","MONTES STANOVOI"
"CHAINE_ANNAMITIQUE","CORDILLERA ANNAMITA"
"Siwalik_Hills","Siwalik"
"PAMIRS","CORDILLERA DEL PAMIR"
"HINDU_KUSH","HINDÚ KUSH"
"KARAKORAM_RA.","CORDILLERA DEL KARAKÓRUM"
"KUNLUN_MOUNTAINS","CORDILLERA KUNLUN"
"ATLAS_MOUNTAINS","CORDILLERA ATLAS"
"APPALACHIAN_MTS.","MONTES APALACHES"
"BROOKS_RANGE","CORDILLERA DE BROOKS"
"COAST_MOUNTAINS","MONTAÑAS COSTERAS"
"CASCADE_RANGE","CORDILLERA DE LAS CASCADAS"
"ALASKA_RANGE","CORDILLERA DE ALASKA"
"GREAT_DIVIDING_RANGE","GRAN CORDILLERA DIVISORA"
"TIAN_SHAN","TIAN SHAN"
"URAL_MOUNTAINS","MONTES URALES"
"HIMALAYAS","HIMALAYA"
"ANDES","ANDES"
"ROCKY_MOUNTAINS","MONTAÑAS ROCALLOSAS"
"Brahmaputra","Brahmaputra"
"Mekong","Mekong"
"Ob","Obi"
"Danube","Danubio"
"Parana","Paraná"
"Congo","Congo"
"Lena","Lena"
"Chang_(Yangtze)","Chang (Yangtze)"
"Nile","Nilo"
"Amazon","Amazonas"
"Mississippi","Mississippi"
"Lake_Baikal","Lago Baikal"
"Lake_Winnipeg","Lago Winnipeg"
"Great_Slave_Lake","Gran Lago del Esclavo"
"L._Ontario","Lago Ontario"
"L._Erie","Lago Erie"
"Lake_Superior","Lago Superior"
"Lake_Victoria","Lago Victoria"
"Lake_Ladoga","Lago Ladoga"
"Balqash_Koli","Lago Baljash"
"Lake_Tanganyika","Lago Tanganica"
"Lake_Malawi","Lake Malaui"
"Aral_Sea","Mar del Aral"
"Vanern","Vänern"
"Lago_de_Nicaragua","Lago de Nicaragua"
"Lago_Titicaca","Lago Titicaca"
"Lake_Winnipegosis","Lake Winnipegosis"
"Lake_Onega","Lake Onega"
"Great_Bear_Lake","Gran Lago del Oso"
"Reindeer_Lake","Lago Reindeer"
"Lake_Huron","Lago Hurón"
"Lake_Michigan","Lago Míchigan"
"Tunis","Túnez"
"Baku","Bakú"
"Hanoi","Hanói"
"Ankara","Angora"
"Sanaa","Saná"
"Damascus","Damasco"
"Khartoum","Jartum"
"Pyongyang","Pionyang"
"Dar_es_Salaam","Dar es Salaam"
"Havana","Habana"
"Kuwait","Kuwait"
"Santo_Domingo","Santo Domingo"
"Accra","Acra"
"Tripoli","Trípoli"
"Tel_Aviv-Yafo","Tel Aviv-Yafo"
"Abidjan","Abiyán"
"Brasilia","Brasilia"
"Dhaka","Daca"
"Luanda","Luanda"
"Algiers","Argel"
"Rangoon","Rangún"
"Caracas","Caracas"
"Tashkent","Taskent"
"Bangkok","Bangkok"
"Lima","Lima"
"Dakar","Dakar"
"Johannesburg","Johannesburgo"
"Casablanca","Casablanca"
"Seoul","Seúl"
"Manila","Manila"
"Monterrey","Monterrey"
"Urumqi","Urumchi"
"Chengdu","Chengdú"
"Osaka","Osaka"
"Kinshasa","Kinsasa"
"Bangalore","Bangalore"
"Baghdad","Bagdad"
"Addis_Ababa","Adís Abeba"
"Tehran","Terán"
"Buenos_Aires","Buenos Aires"
"Kabul","Kabúl"
"Taipei","Taipéi"
"Istanbul","Estambul"
"Riyadh","Riad"
"Cape_Town","Ciudad del Cabo"
"Mexico_City","Ciudad de México"
"Lagos","Lagos"
"Beijing","Pekín"
"Nairobi","Nairobi"
"Jakarta","Yakarta"
"Bogota","Bogotá"
"Cairo","Cairo"
"Shanghai","Shanghái"
"Tokyo","Tokio"
"Mumbai","Bombay"
"Santiago","Santiago"
"Kolkata","Calcuta"
"Rio_de_Janeiro","Río de Janeiro"
"Sao_Paulo","Sao Paulo"
"Singapore","Singapur"
"Hong_Kong","Hong Kong"
"Bir_Lehlou","Bir Lehlu"
"Moroni","Moroni"
"Kigali","Kigali"
"Mbabane","Mbabane"
"Juba","Juba"
"Dodoma","Dodoma"
"Laayoune","Aaiún"
"Djibouti","Yibuti"
"Banjul","Banjul"
"Porto-Novo","Porto-Novo"
"Bujumbura","Bujumbura"
"Lome","Lomé"
"Lusaka","Lusaka"
"Harare","Harare"
"Kampala","Kampala"
"Niamey","Niamey"
"Freetown","Freetown"
"Bloemfontein","Bloemfontein"
"Pretoria","Pretoria"
"Rabat","Rabat"
"Maputo","Maputo"
"Mogadishu","Mogadiscio"
"Windhoek","Windhoek"
"Abuja","Abuya"
"Maseru","Maseru"
"Antananarivo","Antananarivo"
"Ndjamena","Yemena"
"Malabo","Malabo"
"Asmara","Asmara"
"Lilongwe","Lilongüe"
"Libreville","Libreville"
"Nouakchott","Nuakchot"
"Bamako","Bamako"
"Conakry","Conakri"
"Yamoussoukro","Yamusukro"
"Bangui","Bangui"
"Yaounde","Yaundé"
"Gaborone","Gaborone"
"Ouagadougou","Uagadugú"
"Hargeysa","Hargeisa"
"Sao_Tome","Santo Tomé"
"Monrovia","Monrovia"
"HAINAN","HAINAN"
"TIMOR","TIMOR"
"Palawan","Palawan"
"Bohol","Bohol"
"Negros","Negros"
"Leyte","Leyte"
"Samar","Sámar"
"Panay","Panay"
"Mindoro","Mindoro"
"Melekeok","Melekeok"
"Doha","Doha"
"Baguio_City","Baguio"
"Putrajaya","Putrajaya"
"Manama","Manama"
"Abu_Dhabi","Abu Dabi"
"Ashgabat","Asjabad"
"Dili","Dili"
"Dushanbe","Dusambé"
"Islamabad","Islamabad"
"Kathmandu","Katmandú"
"Muscat","Mascate"
"Colombo","Colombo"
"Ulaanbaatar","Ulán Bator"
"Amman","Amán"
"Bishkek","Biskek"
"Beirut","Beirut"
"Tbilisi","Tiflis"
"Astana","Astaná"
"Vientiane","Vientián"
"Bandar_Seri_Begawan","Bandar Seri Begawan"
"Yerevan","Ereván"
"Phnom_Penh","Nom Pen"
"Thimphu","Timbu"
"Naypyidaw","Naipyidó"
"Male","Malé"
"Jerusalem","Jerusalén"
"Nicosia","Nicosia"
"Kuala_Lumpur","Kuala Lumpur"
"Dubai","Dubai"
"New_Delhi","Nueva Delhi"
"Port-of-Spain","Puerto España"
"Roseau","Roseau"
"Bridgetown","Bridgetown"
"Kingstown","Kingstown"
"Castries","Castries"
"Basseterre","Basseterre"
"Saint_George's","San Jorge"
"Saint_John's","San Juan de Terranova"
"Tegucigalpa","Tegucigalpa"
"Port-au-Prince","Puerto Príncipe"
"Managua","Managua"
"Panama_City","Panama City"
"San_Salvador","San Salvador"
"Kingston","Kingston"
"Guatemala","Guatemala"
"Belmopan","Belmopan"
"Nassau","Nassau"
"Funafuti","Funafuti"
"Tarawa","Tarawa"
"Port-Vila","Port Vila"
"Port_Moresby","Port Moresby"
"Honiara","Honiara"
"Wellington","Wellington"
"Suva","Suva"
"Auckland","Auckland"
"Montevideo","Montevideo"
"Georgetown","Georgetown"
"Paramaribo","Paramaribo"
"Asuncion","Asunción"
"Quito","Quito"
"Sucre","Sucre"
"La_Paz","La Paz"
"Sumava","Sumava"
"Krusne_hory","Krusné hory"
"Ceske_Stredohori","Ceské Stredohorí"
"Krkonose","Krkonose"
"Jizerske_hory","Jizerské hory"
"Orlicke_hory","Orlické hory"
"Hruby_Jesenik","Hrubý Jeseník"
"Beskydy","Beskydy"
"Ceskomoravska_vrchovina","Ceskomoravská vrchovina"
"Bile_Karpaty","Bílé Karpaty"
"Cesky_les","Ceský les"
"Drahanska_vrchovina","Drahanská vrchovina"
"Rychlebske_hory","Rychlebské hory"
"Nizky_Jesenik","Nízký Jeseník"
"Plzenska_pahorkatina","Plzenská pahorkatina"
"Novohradske_hory","Novohradské hory"
"Chriby","Chriby"
"Doupovske_hory","Doupovské hory"
"Brdy","Brdy"
"Jestedsko-kozakovsky_hrbet","Jestedsko-kozákovský hrbet"
"Luzicke_hory","Luzické hory"
"Javorniky","Javorníky"
"Stredoceska_pahorkatina","Stredoceská pahorkatina"
"Labe","Labe"
"Vltava","Vltava"
"Ohre","Ohre"
"Berounka","Berounka"
"Sazava","Sázava"
"Otava","Otava"
"Morava","Morava"
"Orlice","Orlice"
"Odra","Odra"
"Ostravice","Ostravice"
"Dyje","Dyje"
"Svratka","Svratka"
"Svitava","Svitava"
"Jizera","Jizera"
"Uslava","Úslava"
"Uhlava","Úhlava"
"Radbuza","Radbuza"
"Mze","Mze"
"Becva","Becva"
"Daugava_(Zapadnaya_Dvina)","Daugava"
"Dniester","Dniéster"
"Drava","Drava"
"Duero","Duero"
"Ebro","Ebro"
"Elbe","Elba"
"Garonne","Garona"
"Loire","Loira"
"Oder","Óder"
"Po","Po"
"Seine","Sena"
"Svernaya_Dvina","Dvina Septentrional"
"Thames","Tamesis"
"Vistula","Vístula"
"Vychegda","Víchegda"
"Rhine","Rín"
"Volga","Volga"
"Don","Don"
"Dalalven","Dal"
"Kama","Kama"
"Tajo","Tajo"
"Tisa","Tisza"
"Dnepre","Dniéper"
"Rhone","Ródano"
"Glomma","Glomma"
"Kemijoki","Kemi"
"Sukhona","Sújona"
"Luznice","Luznice"
"Ganges","Ganges"
"Yenisey","Yeniséi"
"Missouri","Misuri"
"Yukon","Yukón"
"Orinoco","Orinoco"
"Niger","Níger"
"Zambezi","Zambeze"
"Rio_Grande","Rio Grande"
"Mackenzie","Mackenzie"
"Huang","Río Amarillo"
"Darling","Darling"
"Orange","Orange"
"Tigris","Tigris"
"Amu_Darya","Amu Daria"
"Euphrates","Éufrates"
"Indus","Indo"
"Amur","Amur"
"Murray","Murray"
"St._Lawrence","San Lorenzo"
"Syr_Darya","Sir Daria"
"Yangtze","Yangtze"
"Senegal","Sénégal"
"Limpopo","Limpopo"
"Okawango","Okawango"
"Ubangi","Ubangi"
"Chari","Chari"
"Baja_California","Baja California"
"Baja_California_Sur","Baja California Sur"
"Coahuila","Coahuila"
"Chihuahua","Chihuahua"
"Durango","Durango"
"Sinaloa","Sinaloa"
"Sonora","Sonora"
"Zacatecas","Zacatecas"
"Nuevo_Leon","Nuevo León"
"San_Luis_Potosi","San Luis Potosí"
"Tamaulipas","Tamaulipas"
"Aguascalientes","Aguascalientes"
"Colima","Colima"
"Jalisco","Jalisco"
"Michoacan","Michoacán"
"Nayarit","Nayarit"
"Campeche","Campeche"
"Oaxaca","Oaxaca"
"Puebla","Puebla"
"Tabasco","Tabasco"
"Tlaxcala","Tlaxcala"
"Distrito_Federal","Distrito Federal"
"Guanajuato","Guanajuato"
"Guerrero","Guerrero"
"Hidalgo","Hidalgo"
"Mexico","México"
"Morelos","Morelos"
"Queretaro","Querétaro"
"Veracruz","Veracruz"
"Chiapas","Chiapas"
"Quintana_Roo","Quintana Roo"
"Yucatan","Yucatán"
"city-Gomez_Palacio","Gomez Palacio"
"city-Reynosa","Reynosa"
"city-Tlaxcala","Tlaxcala"
"city-Irapuato","Irapuato"
"city-Celaya","Celaya"
"city-Nezahualcoyotl","Nezahualcoyotl"
"city-Orizaba","Orizaba"
"city-Xalapa","Xalapa"
"city-Mazatlan","Mazatltn"
"city-Morelia","Morelia"
"city-Tepic","Tepic"
"city-Pachuca","Pachuca"
"city-Toluca","Toluca"
"city-Saltillo","Saltillo"
"city-Ciudad_Juarez","Ciudad Ju rez"
"city-Durango","Durango"
"city-Aguascalientes","Aguascalientes"
"city-Villahermosa","Villahermosa"
"city-Cuernavaca","Cuernavaca"
"city-Queretaro","Queretaro"
"city-Mexicali","Mexicali"
"city-Torreon","Torreon"
"city-Culiacan","Culiacan"
"city-Hermosillo","Hermosillo"
"city-San_Luis_Potosi","San Luis Potosi"
"city-Matamoros","Matamoros"
"city-Nuevo_Laredo","Nuevo Laredo"
"city-Oaxaca","Oaxaca"
"city-Leon","Leon"
"city-Tijuana","Tijuana"
"city-Chihuahua","Chihuahua"
"city-Tampico","Tampico"
"city-Acapulco","Acapulco"
"city-Veracruz","Veracruz"
"city-Tuxtla_Gutierrez","Tuxtla Gutierrez"
"city-Cancun","Cancun"
"city-Merida","Merida"
"city-Guadalajara","Guadalajara"
"city-Puebla","Puebla"
"city-Monterrey","Monterrey"
"city-Mexico_City","Mexico City"
"Santa_Cruz","Santa Cruz"
"Tierra_del_Fuego-state","Tierra del Fuego"
"San_Juan","San Juan"
"Chubut","Chubut"
"Mendoza","Mendoza"
"Neuquen","Neuquén"
"La_Pampa","La Pampa"
"Rio_Negro","Río Negro"
"San_Luis","San Luis"
"Catamarca","Catamarca"
"Jujuy","Jujuy"
"La_Rioja","La Rioja"
"Salta","Salta"
"Santiago_del_Estero","Santiago del Estero"
"Tucuman","Tucumán"
"Chaco","Chaco"
"Formosa","Formosa"
"Corrientes","Corrientes"
"Entre_Rios","Entre Ríos"
"Santa_Fe","Santa Fe"
"Misiones","Misiones"
"Ciudad_de_Buenos_Aires","Ciudad de Buenos Aires"
"city-Corrientes","Corrientes"
"city-La_Plata","La Plata"
"city-San_Luis","San Luis"
"city-San_Salvador_de_Jujuy","San Salvador de Jujuy"
"city-Santiago_del_Estero","Santiago del Estero"
"city-Resistencia","Resistencia"
"city-San_Juan","San Juan"
"city-Salta","Salta"
"city-San_Miguel_de_Tucuman","Tucum-n"
"city-Santa_Fe","Santa Fe"
"city-Rosario","Rosario"
"city-Mendoza","Mendoza"
"city-Mar_del_Plata","Mar del Plata"
"city-Cordoba","Cordoba"
"city-Posadas","Posadas"
"city-Buenos_Aires","Buenos Aires"
"Goias","Goiás"
"Pernambuco","Pernambuco"
"Acre","Acre"
"Amazonas","Amazonas"
"Maranhao","Maranhão"
"Para","Pará"
"Rondonia","Rondônia"
"Tocantins","Tocantins"
"Mato_Grosso_do_Sul","Mato Grosso do Sul"
"Minas_Gerais","Minas Gerais"
"Mato_Grosso","Mato Grosso"
"Rio_Grande_do_Sul","Rio Grande do Sul"
"Parana-state","Paraná"
"Santa_Catarina","Santa Catarina"
"Ceara","Ceará"
"Piaui","Piauí"
"Alagoas","Alagoas"
"Bahia","Bahia"
"Espirito_Santo","Espírito Santo"
"Paraiba","Paraíba"
"Rio_de_Janeiro-state","Rio de Janeiro"
"Rio_Grande_do_Norte","Rio Grande do Norte"
"Sergipe","Sergipe"
"Roraima","Roraima"
"Amapa","Amapá"
"Niteroi","Niteroi"
"Vitoria-Brazil","Vitoria"
"Vila_Velha","Vila Velha"
"Santos","Santos"
"Sao_Luis",""
"Belo_Horizonte","Belo Horizonte"
"Maceio","Maceio"
"Natal","Natal"
"Campinas","Campinas"
"Manaus","Manaus"
"Florianopolis","Florianopolis"
"Belem","Belem"
"Porto_Alegre","Porto Alegre"
"Curitiba","Curitiba"
"Fortaleza","Fortaleza"
"Salvador","Salvador"
"Goiania","Goiania"
"Recife","Recife"
"gf","Guayana Francesa"
"Bebrava",""
"Biela_Orava",""
"Biela_Voda",""
"Biely_Vah",""
"Blh",""
"Bodrog",""
"Bodva",""
"Cirocha",""
"Cierna_Voda",""
"Cierny_Vah",""
"Dudvah",""
"Dunaj",""
"Dunajec",""
"Hnilec",""
"Hornad",""
"Hron",""
"Ida",""
"Ipel",""
"Krupinica",""
"Kysuca",""
"Laborec",""
"Latorica",""
"Maly_Dunaj",""
"Nitrica",""
"Ondava",""
"Orava",""
"Rajcanka",""
"Rimava",""
"Rudava",""
"Sikenica",""
"Slana",""
"Stara_Nitra",""
"Topla",""
"Torysa",""
"Trnavka",""
"Turiec",""
"Uh",""
"Vah",""
"Vlara",""
"Zitava",""
"Ryn",""
"Lech",""
"Inn",""
"Ill",""
"Salzach",""
"Pinka",""
"Litava",""
"Malse",""
"Travna",""
"Kremze",""
"Enze",""
"Salza",""
"Lavant",""
"Gail",""
"Mura",""
"Murz",""
"Raba",""
"Bela_(Cechy)",""
"Bela_(Morava)",""
"Blanice_(J._Cechy)",""
"Blanice_(Sazava)",""
"Blata",""
"Blsanka",""
"Bobruvka",""
"Branna",""
"Bystrice_(Cechy)",""
"Bystrice_(Morava)",""
"Cidlina",""
"Desna",""
"Divoka_Orlice",""
"Doubrava",""
"Drevnice",""
"Hana",""
"Chomutovka",""
"Chrudimka",""
"Jevisovka",""
"Kamenice_(J._Cechy)",""
"Kamenice_(S._Cechy)",""
"Klabava",""
"Kocaba",""
"Krupa",""
"Kremelna",""
"Kyjovka",""
"Litavka",""
"Lodenice",""
"Lomnice",""
"Loucna",""
"Luzicka_Nisa",""
"Metuje",""
"Moravice",""
"Moravska_Dyje",""
"Moravska_Sazava",""
"Mostenka",""
"Mrlina",""
"Nezarka",""
"Novohradka",""
"Olsava",""
"Olse",""
"Opavice",""
"Oskava",""
"Oslava",""
"Ploucnice",""
"Punkva",""
"Rokytna",""
"Rolava",""
"Romze",""
"Roznovska_Becva",""
"Skalice",""
"Smeda",""
"Stenava",""
"Stropnice",""
"Strela",""
"Svatava",""
"Tepla",""
"Ticha_Orlice",""
"Trkmanka",""
"Trebuvka",""
"Tremosna",""
"Upa",""
"Velicka",""
"Vidnavka",""
"Volynka",""
"Vsetinska_Becva",""
"Vydra",""
"Vyrovka",""
"Zlata_stoka",""
"Zeletavka",""
"Zelivka",""
"Zirovnice",""
"Helsingborg",""
"Uppsala",""
"Goteborg",""
"Karlstad",""
"Malmo",""
"Lund",""
"Norrkoping",""
"Gavle",""
"Vasteras",""
"Orebro",""
"Jonkoping",""
"Huddinge",""
"Linkoping",""
"Narvik",""
"Bergen",""
"Stavanger",""
"Drammen",""
"Fredrikstad",""
"Kristiansand",""
"Lillehammer",""
"Molde",""
"Skien",""
"Trondheim",""
"Asker",""
"Bodo",""
"Tromso",""
"Pori",""
"Turku",""
"Espoo",""
"Oulu",""
"Vantaa",""
"Tampere",""
"Kuopio",""
"Lahti",""
"Joensuu",""
"Kouvola",""
"Lappeenranta",""
"Hameenlinna",""
"Jyvaskyla",""
"Colorado",""
"Red",""
"Arkansas",""
"Yellowstone",""
"Platte",""
"Ohio",""
"Snake",""
"Columbia",""
"Liard",""
"Peace",""
"Athabasca",""
"Thelon",""
"Churchill",""
"Nelson",""
"Saskatchewan",""
"Hudson",""
"Reka_sv._Vavrince",""